-- phpMyAdmin SQL Dump
-- version 5.2.2
-- https://www.phpmyadmin.net/
--
-- Host: localhost:3306
-- Generation Time: Nov 26, 2025 at 12:20 AM
-- Server version: 10.6.23-MariaDB-cll-lve
-- PHP Version: 8.3.27

SET SQL_MODE = "NO_AUTO_VALUE_ON_ZERO";
START TRANSACTION;
SET time_zone = "+00:00";


/*!40101 SET @OLD_CHARACTER_SET_CLIENT=@@CHARACTER_SET_CLIENT */;
/*!40101 SET @OLD_CHARACTER_SET_RESULTS=@@CHARACTER_SET_RESULTS */;
/*!40101 SET @OLD_COLLATION_CONNECTION=@@COLLATION_CONNECTION */;
/*!40101 SET NAMES utf8mb4 */;

--
-- Database: `Helpmekaar`
--

-- --------------------------------------------------------

--
-- Table structure for table `adress`
--

CREATE TABLE `adress` (
  `aid` int(3) NOT NULL,
  `pincode` varchar(10) DEFAULT NULL,
  `city` varchar(20) DEFAULT NULL,
  `state` varchar(20) DEFAULT NULL,
  `mobile` varchar(15) NOT NULL
) ENGINE=InnoDB DEFAULT CHARSET=latin1 COLLATE=latin1_swedish_ci;

--
-- Dumping data for table `adress`
--

INSERT INTO `adress` (`aid`, `pincode`, `city`, `state`, `mobile`) VALUES
(13, 'dus', 'hier', 'daar', 'zo'),
(14, 'dus', 'hier', 'daar', 'zo'),
(15, 'dus', 'hier', 'daar', 'zo'),
(16, 'dus', 'hier', 'daar', 'zo'),
(19, 'dus', 'hier', 'daar', 'zo'),
(20, 'dus', 'hier', 'daar', 'zo'),
(23, 'dus', 'hier', 'daar', 'zo'),
(24, 'dus', 'hier', 'daar', 'zo'),
(26, 'dus', 'hier', 'daar', 'zo'),
(31, 'dus', 'hier', 'daar', 'zo'),
(32, 'dus', 'hier', 'daar', 'zo'),
(34, 'dus', 'hier', 'daar', 'zo'),
(35, 'dus', 'hier', 'daar', 'zo'),
(36, 'dus', 'hier', 'daar', 'zo'),
(37, 'dus', 'hier', 'daar', 'zo'),
(38, 'dus', 'hier', 'daar', 'zo'),
(39, 'dus', 'hier', 'daar', 'zo'),
(42, 'dus', 'hier', 'daar', 'zo'),
(43, 'dus', 'hier', 'daar', 'zo'),
(44, 'dus', 'hier', 'daar', 'zo'),
(45, 'dus', 'hier', 'daar', 'zo'),
(46, 'dus', 'hier', 'daar', 'zo'),
(47, 'dus', 'hier', 'daar', 'zo'),
(48, 'dus', 'hier', 'daar', 'zo'),
(49, 'dus', 'hier', 'daar', 'zo'),
(50, 'dus', 'hier', 'daar', 'zo'),
(51, 'dus', 'hier', 'daar', 'zo'),
(52, 'dus', 'hier', 'daar', 'zo'),
(83, 'dus', 'hier', 'daar', 'zo'),
(84, 'dus', 'hier', 'daar', 'zo'),
(85, 'dus', 'hier', 'daar', 'zo'),
(86, 'dus', 'hier', 'daar', 'zo'),
(87, 'dus', 'hier', 'daar', 'zo'),
(88, 'dus', 'hier', 'daar', 'zo'),
(89, 'dus', 'hier', 'daar', 'zo'),
(90, 'dus', 'hier', 'daar', 'zo'),
(91, 'dus', 'hier', 'daar', 'zo'),
(92, 'dus', 'hier', 'daar', 'zo'),
(93, 'dus', 'hier', 'daar', 'zo'),
(94, 'dus', 'hier', 'daar', 'zo'),
(95, 'dus', 'hier', 'daar', 'zo'),
(96, 'dus', 'hier', 'daar', 'zo'),
(97, 'dus', 'hier', 'daar', 'zo'),
(98, 'dus', 'hier', 'daar', 'zo'),
(116, 'dus', 'hier', 'daar', 'zo'),
(141, 'dus', 'hier', 'daar', 'zo'),
(142, 'dus', 'hier', 'daar', 'zo'),
(146, 'dus', 'hier', 'daar', 'zo'),
(148, 'dus', 'hier', 'daar', 'zo'),
(150, 'dus', 'hier', 'daar', 'zo'),
(151, 'dus', 'hier', 'daar', 'zo'),
(152, 'dus', 'hier', 'daar', 'zo'),
(153, 'dus', 'hier', 'daar', 'zo'),
(155, 'dus', 'hier', 'daar', 'zo'),
(156, 'dus', 'hier', 'daar', 'zo'),
(157, 'dus', 'hier', 'daar', 'zo'),
(158, 'dus', 'hier', 'daar', 'zo'),
(159, 'dus', 'hier', 'daar', 'zo'),
(160, 'dus', 'hier', 'daar', 'zo'),
(161, 'dus', 'hier', 'daar', 'zo'),
(162, 'dus', 'hier', 'daar', 'zo'),
(163, 'dus', 'hier', 'daar', 'zo'),
(164, 'dus', 'hier', 'daar', 'zo'),
(165, 'dus', 'hier', 'daar', 'zo');

-- --------------------------------------------------------

--
-- Table structure for table `catagoery`
--

CREATE TABLE `catagoery` (
  `cid` int(3) NOT NULL,
  `cname` varchar(20) DEFAULT NULL
) ENGINE=InnoDB DEFAULT CHARSET=latin1 COLLATE=latin1_swedish_ci;

--
-- Dumping data for table `catagoery`
--

INSERT INTO `catagoery` (`cid`, `cname`) VALUES
(1, 'Shoes'),
(5, 'Skoolklere'),
(6, 'Sportsakke'),
(7, 'Skooltas'),
(8, 'Kosblikke'),
(11, 'Skoene'),
(12, 'Bottels'),
(13, 'Pennesakkie'),
(14, 'Pennesakkie'),
(15, 'Pette');

-- --------------------------------------------------------

--
-- Table structure for table `claims`
--

CREATE TABLE `claims` (
  `id` int(11) NOT NULL,
  `naam` varchar(20) NOT NULL,
  `email` varchar(100) NOT NULL,
  `itemid` int(11) NOT NULL,
  `month` varchar(100) NOT NULL,
  `day` int(11) NOT NULL,
  `pickuptime` varchar(100) NOT NULL,
  `message` varchar(100) NOT NULL,
  `monthid` int(11) NOT NULL
) ENGINE=InnoDB DEFAULT CHARSET=latin1 COLLATE=latin1_swedish_ci;

--
-- Dumping data for table `claims`
--

INSERT INTO `claims` (`id`, `naam`, `email`, `itemid`, `month`, `day`, `pickuptime`, `message`, `monthid`) VALUES
(5, 'Pedro Basson', '071-819-2428', 120, 'Februarie', 17, 'Voor Skool', 'asdf', 2),
(6, 'r f', '5', 125, 'Januarie', 5, 'Voor Skool', '', 1);

-- --------------------------------------------------------

--
-- Table structure for table `counter`
--

CREATE TABLE `counter` (
  `id` int(11) NOT NULL,
  `product` varchar(100) NOT NULL,
  `reason` varchar(100) NOT NULL DEFAULT 'viewers',
  `count` int(11) NOT NULL DEFAULT 0
) ENGINE=InnoDB DEFAULT CHARSET=latin1 COLLATE=latin1_swedish_ci;

--
-- Dumping data for table `counter`
--

INSERT INTO `counter` (`id`, `product`, `reason`, `count`) VALUES
(1, 'soekmekaar', 'viewers', 261731);

-- --------------------------------------------------------

--
-- Table structure for table `fimages`
--

CREATE TABLE `fimages` (
  `id` int(5) NOT NULL,
  `url` longtext NOT NULL
) ENGINE=InnoDB DEFAULT CHARSET=latin1 COLLATE=latin1_swedish_ci;

--
-- Dumping data for table `fimages`
--

INSERT INTO `fimages` (`id`, `url`) VALUES
(13, 'noimg.png'),
(14, 'noimg.png'),
(15, 'noimg.png'),
(16, 'noimg.png'),
(19, 'noimg.png'),
(20, 'noimg.png'),
(23, 'noimg.png'),
(24, 'noimg.png'),
(26, 'noimg.png');

-- --------------------------------------------------------

--
-- Table structure for table `fthings`
--

CREATE TABLE `fthings` (
  `id` int(11) NOT NULL,
  `description` varchar(100) DEFAULT '',
  `label` varchar(50) DEFAULT '',
  `u_email` varchar(100) DEFAULT '',
  `imagelink` varchar(200) DEFAULT '',
  `imagelink2` varchar(200) DEFAULT '',
  `postdate` datetime DEFAULT current_timestamp(),
  `cat_ref` int(11) DEFAULT 0
) ENGINE=InnoDB DEFAULT CHARSET=latin1 COLLATE=latin1_swedish_ci;

--
-- Dumping data for table `fthings`
--

INSERT INTO `fthings` (`id`, `description`, `label`, `u_email`, `imagelink`, `imagelink2`, `postdate`, `cat_ref`) VALUES
(1, 'Matriek trappe gevind', 'Pedro', 'basson.pedro@gmail.com', 'Skoen.jpeg', 'Skoen.jpeg', '2023-06-11 12:09:28', 1),
(2, 'Matriek trappe gevind', 'Pedro', 'basson.pedro@gmail.com', 'Skoen.jpeg', 'Skoen.jpeg', '2023-06-11 12:09:58', 1),
(3, '\r\n                    ', 'Reinhardt', 'basson.pedro@gmail.com', 'Pet.jpeg', 'file_64861ca80d8ed7.31554861_IMG_0024.JPG', '2023-06-11 12:12:40', 2);

-- --------------------------------------------------------

--
-- Table structure for table `fthings_2`
--

CREATE TABLE `fthings_2` (
  `id` int(5) NOT NULL,
  `discription` varchar(100) DEFAULT NULL,
  `adressid` int(3) DEFAULT NULL,
  `pincode` varchar(100) NOT NULL,
  `uemail` varchar(35) DEFAULT NULL,
  `imagelink` varchar(10000) NOT NULL,
  `imagelink2` varchar(10000) NOT NULL,
  `imgid` int(5) DEFAULT NULL,
  `postdate` date NOT NULL,
  `cat_ref` int(3) NOT NULL,
  `draft` int(11) NOT NULL DEFAULT 0,
  `ddate` date DEFAULT NULL
) ENGINE=InnoDB DEFAULT CHARSET=latin1 COLLATE=latin1_swedish_ci;

--
-- Dumping data for table `fthings_2`
--

INSERT INTO `fthings_2` (`id`, `discription`, `adressid`, `pincode`, `uemail`, `imagelink`, `imagelink2`, `imgid`, `postdate`, `cat_ref`, `draft`, `ddate`) VALUES
(120, '', 148, 'Linda', 'basson.pedro@gmail.com', '148image.jpg', 'image/', NULL, '2023-02-08', 13, 0, NULL),
(123, 'Skoen', 151, 'Ludolph ', 'basson.pedro@gmail.com', '151image.jpg', 'image/', NULL, '2023-02-17', 1, 0, NULL),
(124, '', 152, 'Brits', 'basson.pedro@gmail.com', '152image.jpg', 'image/', NULL, '2023-02-17', 12, 0, NULL),
(125, 'Gevind by die aantreeblad', 153, 'Reinhardt', 'Basson.Pedro@gmail.com', '15356F5489B-6360-476D-B379-DB28FAE4E03B.jpeg', 'image/', NULL, '2023-02-22', 15, 0, NULL),
(127, 'By gr 11 seuns badkamer gevind', 155, '', 'Basson.Pedro@gmail.com', '155B4FFA5B2-8072-45B2-A1C8-A34C419AE374.jpeg', '620000D5E260D2-F9D3-45C9-863C-977699C1A04B.jpeg', NULL, '2023-02-22', 11, 0, NULL);

--
-- Triggers `fthings_2`
--
DELIMITER $$
CREATE TRIGGER `fcount` AFTER INSERT ON `fthings_2` FOR EACH ROW UPDATE `user` SET `posts`=`posts`+1 WHERE `email`=new.`uemail`
$$
DELIMITER ;
DELIMITER $$
CREATE TRIGGER `foundpostdel` AFTER DELETE ON `fthings_2` FOR EACH ROW BEGIN
     UPDATE `user` SET `posts`=`posts`-1 WHERE `email`=old.`uemail`;

               DELETE FROM `fimages` WHERE `id`=old.`imgid`;

               DELETE FROM `adress` WHERE `aid`=old.`adressid`;

END
$$
DELIMITER ;

-- --------------------------------------------------------

--
-- Table structure for table `grade_open`
--

CREATE TABLE `grade_open` (
  `grade` int(11) NOT NULL,
  `is_open` int(11) NOT NULL DEFAULT 0
) ENGINE=InnoDB DEFAULT CHARSET=latin1 COLLATE=latin1_swedish_ci;

--
-- Dumping data for table `grade_open`
--

INSERT INTO `grade_open` (`grade`, `is_open`) VALUES
(8, 1),
(9, 1),
(10, 1),
(11, 1),
(12, 1);

-- --------------------------------------------------------

--
-- Table structure for table `images`
--

CREATE TABLE `images` (
  `id` int(11) NOT NULL,
  `image` longblob NOT NULL,
  `created` datetime NOT NULL DEFAULT current_timestamp()
) ENGINE=InnoDB DEFAULT CHARSET=utf8mb3 COLLATE=utf8mb3_unicode_ci;

-- --------------------------------------------------------

--
-- Table structure for table `limages`
--

CREATE TABLE `limages` (
  `id` int(5) NOT NULL,
  `url` longtext NOT NULL
) ENGINE=InnoDB DEFAULT CHARSET=latin1 COLLATE=latin1_swedish_ci;

-- --------------------------------------------------------

--
-- Table structure for table `lockers`
--

CREATE TABLE `lockers` (
  `locker_id` int(11) NOT NULL,
  `locker` varchar(10) DEFAULT '',
  `student_id` int(11) DEFAULT NULL,
  `is_open` int(11) DEFAULT 1,
  `time_booked` datetime DEFAULT NULL
) ENGINE=InnoDB DEFAULT CHARSET=latin1 COLLATE=latin1_swedish_ci;

--
-- Dumping data for table `lockers`
--

INSERT INTO `lockers` (`locker_id`, `locker`, `student_id`, `is_open`, `time_booked`) VALUES
(1, 'S1', 192, 0, '2023-11-24 00:23:52'),
(2, 'S2', 576, 0, '2024-01-10 07:05:44'),
(3, 'S3', 279, 0, '2023-11-24 00:50:03'),
(4, 'S4', 632, 0, '2024-01-08 02:50:03'),
(5, 'S5', 282, 0, '2024-01-09 05:57:26'),
(6, 'S6', 659, 0, '2024-01-11 11:37:42'),
(7, 'S7', 555, 0, '2024-01-09 04:07:11'),
(8, 'S8', 217, 0, '2024-01-11 04:46:11'),
(9, 'S9', 331, 0, '2023-11-24 02:51:23'),
(10, 'S10', 579, 0, '2024-01-09 07:28:19'),
(11, 'S11', 121, 0, '2023-11-22 06:36:39'),
(12, 'S12', 260, 0, '2023-11-22 01:26:24'),
(14, 'S13', 713, 0, '2024-01-09 07:14:49'),
(28, 'S14', 531, 0, '2024-01-09 07:14:30'),
(29, 'S15', 236, 0, '2023-11-22 02:10:31'),
(30, 'S16', 524, 0, '2024-01-11 20:03:17'),
(31, 'S17', 27, 0, '2023-11-22 02:10:05'),
(32, 'S18', 595, 0, '2024-01-11 09:20:10'),
(33, 'S19', 52, 0, '2023-11-22 02:08:04'),
(34, 'S20', 35, 0, '2023-11-27 10:24:02'),
(35, 'S21', 261, 0, '2023-11-22 02:00:52'),
(36, 'S22', 357, 0, '2023-11-24 05:48:13'),
(37, 'S23', 262, 0, '2023-11-22 02:03:11'),
(38, 'S24', 689, 0, '2024-01-08 05:08:03'),
(39, 'S25', 174, 0, '2023-11-22 02:04:43'),
(40, 'S26', 341, 0, '2023-11-23 02:36:52'),
(41, 'S27', 251, 0, '2023-11-23 02:17:28'),
(42, 'S28', 715, 0, '2024-01-09 06:25:51'),
(43, 'S29', 14, 0, '2023-11-22 02:07:06'),
(44, 'S30', 75, 0, '2023-11-23 02:25:37'),
(45, 'S31', 270, 0, '2023-11-22 02:21:50'),
(46, 'S32', 226, 0, '2023-11-26 08:20:09'),
(47, 'S33', 137, 0, '2023-11-22 02:21:52'),
(48, 'S34', 256, 0, '2023-11-23 08:46:02'),
(49, 'S35', 329, 0, '2023-11-22 09:56:37'),
(50, 'S36', 258, 0, '2023-11-22 04:45:10'),
(51, 'S37', 151, 0, '2023-11-22 10:04:51'),
(52, 'S38', 63, 0, '2023-11-23 03:10:44'),
(53, 'H80', 693, 0, '2024-01-08 22:53:55'),
(54, 'H79', 201, 0, '2023-11-24 04:49:47'),
(55, 'H78', 724, 0, '2024-01-10 22:06:10'),
(56, 'H77', 118, 0, '2023-11-23 22:32:07'),
(57, 'H76', 405, 0, '2024-01-11 03:22:19'),
(58, 'H75', 110, 0, '2023-11-23 22:28:00'),
(59, 'H74', 508, 0, '2024-01-15 23:36:54'),
(60, 'H73', 348, 0, '2023-11-23 22:42:10'),
(61, 'H72', 683, 0, '2024-01-15 11:21:05'),
(62, 'H71', 283, 0, '2023-11-24 07:11:57'),
(63, 'H70', 719, 0, '2024-01-10 00:17:15'),
(64, 'H69', 276, 0, '2023-11-24 01:34:07'),
(65, 'H68', 714, 0, '2024-01-09 13:37:46'),
(66, 'H67', 675, 0, '2024-01-08 04:13:01'),
(67, 'H66', 647, 0, '2024-01-08 03:16:31'),
(68, 'H65', 626, 0, '2024-01-08 02:41:20'),
(69, 'H64', 755, 0, '2024-01-15 11:40:52'),
(70, 'H63', 158, 0, '2023-11-27 05:01:24'),
(71, 'H62', 500, 0, '2024-01-11 03:23:33'),
(72, 'H61', 291, 0, '2023-11-26 00:53:04'),
(73, 'H60', 734, 0, '2024-01-14 11:12:49'),
(74, 'H59', 214, 0, '2023-11-26 00:56:13'),
(75, 'H58', 740, 0, '2024-01-11 10:08:00'),
(76, 'H57', 739, 0, '2024-01-11 10:06:44'),
(77, 'H56', 637, 0, '2024-01-10 09:37:44'),
(78, 'H55', 600, 0, '2024-01-07 07:08:47'),
(79, 'H54', 711, 0, '2024-01-09 07:40:13'),
(80, 'H53', 115, 0, '2023-11-22 03:51:20'),
(81, 'H52', 670, 0, '2024-01-08 04:09:12'),
(82, 'H51', 247, 0, '2023-11-22 02:14:22'),
(83, 'H50', 671, 0, '2024-01-08 04:08:30'),
(84, 'H49', 269, 0, '2023-11-23 02:36:33'),
(85, 'H48', 520, 0, '2024-01-14 05:07:05'),
(86, 'H47', 100, 0, '2023-11-23 02:17:01'),
(87, 'H46', 403, 0, '2023-11-29 12:59:29'),
(88, 'H45', 404, 0, '2023-11-29 12:47:03'),
(89, 'H44', 687, 0, '2024-01-08 05:02:18'),
(90, 'H43', 577, 0, '2024-01-07 06:02:18'),
(91, 'H42', 517, 0, '2024-01-10 05:01:33'),
(92, 'H41', 567, 0, '2024-01-11 03:59:58'),
(93, 'H40', 522, 0, '2024-01-11 20:41:55'),
(94, 'H39', 690, 0, '2024-01-10 06:38:36'),
(95, 'H38', NULL, 1, NULL),
(96, 'H37', NULL, 1, NULL),
(97, 'H36', 382, 0, '2023-11-29 00:21:23'),
(98, 'H35', NULL, 1, NULL),
(99, 'H34', NULL, 1, NULL),
(100, 'H33', NULL, 1, NULL),
(101, 'H32', NULL, 1, NULL),
(102, 'H31', NULL, 1, NULL),
(103, 'H30', NULL, 1, NULL),
(104, 'H29', NULL, 1, NULL),
(105, 'H28', NULL, 1, NULL),
(106, 'H27', NULL, 1, NULL),
(107, 'H26', NULL, 1, NULL),
(108, 'H25', NULL, 1, NULL),
(109, 'H24', 750, 0, '2024-01-15 04:54:51'),
(110, 'H23', NULL, 1, NULL),
(111, 'H22', 769, 0, '2024-02-05 10:38:16'),
(112, 'H21', 771, 0, '2024-02-22 07:44:04'),
(113, 'H20', NULL, 1, NULL),
(114, 'H19', 541, 0, '2024-01-22 06:17:55'),
(115, 'H18', NULL, 1, NULL),
(116, 'H17', 515, 0, '2024-01-11 00:07:16'),
(117, 'H16', 54, 0, '2024-01-13 03:54:03'),
(118, 'H15', 141, 0, '2024-01-10 05:34:36'),
(119, 'H14', NULL, 1, NULL),
(120, 'H13', 695, 0, '2024-01-09 10:44:27'),
(121, 'H12', NULL, 1, NULL),
(122, 'H11', NULL, 1, NULL),
(123, 'H10', NULL, 1, NULL),
(124, 'H9', 699, 0, '2024-01-11 07:38:43'),
(125, 'H8', NULL, 1, NULL),
(126, 'H7', NULL, 1, NULL),
(127, 'H6', NULL, 1, NULL),
(128, 'H5', 409, 0, '2023-11-29 23:57:53'),
(129, 'H4', 763, 0, '2024-01-19 10:42:40'),
(130, 'H3', NULL, 1, NULL),
(131, 'H2', 513, 0, '2024-01-11 07:24:54'),
(132, 'H1', 391, 0, '2023-11-29 04:43:22'),
(133, 'M50', 389, 0, '2023-11-29 04:52:50'),
(134, 'M49', 178, 0, '2023-11-24 22:34:04'),
(135, 'M48', 728, 0, '2024-01-10 08:19:35'),
(136, 'M47', 254, 0, '2023-11-22 03:53:14'),
(137, 'M46', 729, 0, '2024-01-10 11:21:27'),
(138, 'M45', 366, 0, '2023-11-27 06:50:23'),
(139, 'M44', 197, 0, '2023-12-15 12:05:35'),
(140, 'M43', 146, 0, '2023-11-24 03:13:06'),
(141, 'M42', 369, 0, '2023-11-28 00:25:05'),
(142, 'M41', 349, 0, '2023-11-23 22:38:20'),
(143, 'B4', 572, 0, '2023-11-30 12:42:21'),
(144, 'B3', 162, 0, '2023-11-26 22:30:26'),
(145, 'B2', 617, 0, '2024-01-08 03:03:32'),
(146, 'B1', 129, 0, '2023-11-26 00:39:36'),
(147, 'M14', 582, 0, '2024-01-07 05:02:32'),
(148, 'M13', 221, 0, '2024-01-10 03:28:41'),
(149, 'M12', 390, 0, '2023-11-29 04:34:58'),
(150, 'M11', 227, 0, '2024-01-10 03:36:13'),
(151, 'M10', 686, 0, '2024-01-08 04:58:36'),
(152, 'M9', 702, 0, '2024-01-10 05:28:34'),
(153, 'M8', 725, 0, '2024-01-10 19:35:09'),
(154, 'M7', 380, 0, '2023-11-28 12:38:04'),
(155, 'M6', 629, 0, '2024-01-10 06:31:21'),
(156, 'M5', 696, 0, '2024-01-09 09:05:35'),
(157, 'M4', 655, 0, '2024-01-09 09:22:46'),
(158, 'M3', 209, 0, '2023-11-22 02:28:18'),
(159, 'M2', 592, 0, '2024-01-08 02:29:12'),
(160, 'M1', 56, 0, '2023-11-26 00:53:24'),
(161, 'Y96', 275, 0, '2024-01-14 11:11:10'),
(162, 'Y95', 13, 0, '2023-11-27 04:56:01'),
(163, 'Y94', 764, 0, '2024-01-22 05:20:45'),
(164, 'Y93', 280, 0, '2024-01-10 22:11:54'),
(165, 'Y92', 757, 0, '2024-01-17 07:04:35'),
(166, 'Y91', 634, 0, '2024-01-10 23:34:40'),
(167, 'Y90', 691, 0, '2024-01-08 05:14:41'),
(168, 'Y89', 297, 0, '2023-12-08 01:41:53'),
(169, 'Y88', 743, 0, '2024-01-12 03:55:40'),
(170, 'Y87', 273, 0, '2024-01-10 02:57:26'),
(171, 'Y86', 554, 0, '2024-01-14 22:14:43'),
(172, 'Y85', 392, 0, '2023-11-29 05:23:54'),
(173, 'Y84', 745, 0, '2024-01-12 05:07:20'),
(174, 'Y83', 93, 0, '2023-11-22 02:04:24'),
(175, 'Y82', 669, 0, '2024-01-14 10:58:27'),
(176, 'Y81', 362, 0, '2023-11-26 05:57:06'),
(177, 'Y80', 681, 0, '2024-01-08 04:38:01'),
(178, 'Y79', 650, 0, '2024-01-08 03:17:25'),
(179, 'Y78', 685, 0, '2024-01-08 04:55:18'),
(180, 'Y77', 344, 0, '2023-11-23 03:49:11'),
(181, 'Y76', 566, 0, '2024-01-11 20:49:27'),
(182, 'Y75', 250, 0, '2023-11-23 02:35:28'),
(183, 'Y74', 614, 0, '2024-01-08 03:43:00'),
(184, 'Y73', 7, 0, '2023-11-26 01:33:19'),
(185, 'Y72', 558, 0, '2024-01-10 02:59:44'),
(186, 'Y71', 114, 0, '2023-11-26 00:45:08'),
(187, 'Y70', 663, 0, '2024-01-09 07:35:41'),
(188, 'Y69', 175, 0, '2023-11-26 01:20:10'),
(189, 'Y68', 732, 0, '2024-01-10 23:56:04'),
(190, 'Y67', 107, 0, '2023-11-24 04:27:43'),
(191, 'Y66', 396, 0, '2023-11-29 06:10:18'),
(192, 'Y65', 356, 0, '2023-11-24 04:41:06'),
(193, 'Y64', 397, 0, '2023-11-29 06:09:44'),
(194, 'Y63', 211, 0, '2023-11-27 23:57:29'),
(195, 'Y62', 668, 0, '2024-01-08 04:15:07'),
(196, 'Y61', 402, 0, '2023-12-02 04:53:34'),
(197, 'Y60', 288, 0, '2023-11-26 00:38:11'),
(198, 'Y59', 168, 0, '2023-11-26 00:38:51'),
(199, 'Y58', 336, 0, '2023-11-23 07:08:40'),
(200, 'Y57', 53, 0, '2023-11-22 02:20:27'),
(201, 'Y56', 506, 0, '2023-12-31 02:57:03'),
(202, 'Y55', 8, 0, '2023-11-22 02:22:09'),
(203, 'Y54', 718, 0, '2024-01-10 00:17:16'),
(204, 'Y53', 55, 0, '2023-11-24 01:41:35'),
(205, 'Y52', 323, 0, '2023-12-04 05:42:30'),
(206, 'Y51', 328, 0, '2023-11-24 03:11:57'),
(207, 'Y50', 700, 0, '2024-01-08 11:09:09'),
(208, 'Y49', 327, 0, '2023-11-24 03:16:20'),
(209, 'Y48', 365, 0, '2023-11-27 06:05:31'),
(210, 'Y47', 354, 0, '2023-11-24 02:31:16'),
(211, 'Y46', 587, 0, '2024-01-07 10:58:05'),
(212, 'Y45', 353, 0, '2023-11-24 02:15:43'),
(213, 'Y44', 599, 0, '2024-01-07 09:43:49'),
(214, 'Y43', 30, 0, '2023-11-23 03:03:31'),
(215, 'Y42', 607, 0, '2024-01-07 09:27:20'),
(216, 'Y41', 267, 0, '2023-11-23 05:16:54'),
(217, 'Y40', 706, 0, '2024-01-08 23:54:02'),
(218, 'Y39', 232, 0, '2023-11-26 03:01:40'),
(219, 'Y38', 359, 0, '2023-11-25 05:46:16'),
(220, 'Y37', 65, 0, '2023-11-26 03:00:26'),
(221, 'Y36', 394, 0, '2023-11-29 05:23:15'),
(222, 'Y35', 104, 0, '2023-11-24 01:46:04'),
(223, 'Y34', 698, 0, '2024-01-08 07:07:16'),
(224, 'Y33', 274, 0, '2023-11-24 01:47:58'),
(225, 'Y32', 708, 0, '2024-01-10 07:15:40'),
(226, 'Y31', 358, 0, '2023-11-24 05:22:56'),
(227, 'Y30', 636, 0, '2024-01-09 06:38:32'),
(228, 'Y29', 361, 0, '2023-11-26 05:54:58'),
(229, 'Y28', 231, 0, '2023-11-26 01:08:47'),
(230, 'Y27', 212, 0, '2023-11-26 01:40:35'),
(231, 'Y26', 181, 0, '2023-11-26 02:40:08'),
(232, 'Y25', 399, 0, '2023-11-29 10:28:21'),
(233, 'Y24', 322, 0, '2023-11-23 21:07:40'),
(234, 'Y23', 300, 0, '2023-11-26 01:22:37'),
(235, 'Y22', 155, 0, '2023-11-26 03:01:25'),
(236, 'Y21', 228, 0, '2023-11-24 04:03:54'),
(237, 'Y20', 646, 0, '2024-01-08 03:28:02'),
(238, 'Y19', 49, 0, '2023-11-22 02:11:25'),
(239, 'Y18', 645, 0, '2024-01-08 03:09:12'),
(240, 'Y17', 73, 0, '2023-11-24 01:04:54'),
(241, 'Y16', 677, 0, '2024-01-08 04:20:02'),
(242, 'Y15', 147, 0, '2023-11-23 10:12:10'),
(243, 'Y14', 678, 0, '2024-01-08 04:12:56'),
(244, 'Y13', 268, 0, '2023-11-21 23:52:58'),
(245, 'Y12', 627, 0, '2024-01-08 03:30:25'),
(246, 'Y11', 213, 0, '2023-11-26 00:54:31'),
(247, 'Y10', 640, 0, '2024-01-08 03:23:53'),
(248, 'Y9', 330, 0, '2023-11-22 00:51:27'),
(249, 'Y8', 735, 0, '2024-01-11 07:28:32'),
(250, 'Y7', 293, 0, '2024-01-08 00:54:38'),
(251, 'Y6', 672, 0, '2024-01-08 03:54:10'),
(252, 'Y5', 284, 0, '2023-11-26 02:05:49'),
(253, 'Y4', 578, 0, '2024-01-11 11:21:03'),
(254, 'Y3', 36, 0, '2023-11-26 01:45:16'),
(255, 'Y2', 661, 0, '2024-01-08 04:33:53'),
(256, 'Y1', 340, 0, '2023-11-23 04:39:41'),
(257, 'G41 B', 583, 0, '2024-01-07 05:06:57'),
(258, 'C41', 314, 0, '2023-11-22 02:07:56'),
(259, 'C40', 760, 0, '2024-01-18 01:51:45'),
(260, 'C39', 133, 0, '2023-11-23 22:10:42'),
(261, 'C38', 625, 0, '2024-01-14 10:04:31'),
(262, 'C37', 657, 0, '2024-01-08 03:33:07'),
(263, 'C36', 195, 0, '2023-12-03 06:11:27'),
(264, 'C35', 234, 0, '2023-11-24 03:31:51'),
(265, 'C34', 208, 0, '2023-12-08 06:48:39'),
(266, 'C33', 277, 0, '2023-11-25 06:13:21'),
(267, 'C32', 679, 0, '2024-01-08 04:48:27'),
(268, 'C31', 596, 0, '2024-01-10 05:33:15'),
(270, 'C29', 720, 0, '2024-01-10 01:07:47'),
(271, 'G42 B', 623, 0, '2024-01-14 08:23:06'),
(272, 'C27', 766, 0, '2024-01-30 06:24:25'),
(273, 'C26', 64, 0, '2023-11-22 02:23:35'),
(274, 'C25', 591, 0, '2024-01-07 05:24:00'),
(275, 'C24', 654, 0, '2024-01-08 03:34:20'),
(276, 'C23', 298, 0, '2023-11-26 05:05:03'),
(277, 'C22', 255, 0, '2023-11-22 02:15:30'),
(278, 'C21', 296, 0, '2023-11-26 05:04:10'),
(279, 'C20', 665, 0, '2024-01-08 03:34:18'),
(280, 'C19', 120, 0, '2023-11-25 06:08:20'),
(281, 'C18', 684, 0, '2024-01-08 04:50:35'),
(282, 'C17', 16, 0, '2023-11-25 10:15:37'),
(283, 'C16', 652, 0, '2024-01-08 03:15:06'),
(284, 'C15', 339, 0, '2023-11-23 02:31:01'),
(285, 'C14', 119, 0, '2023-11-23 02:18:31'),
(286, 'C13', 410, 0, '2023-11-30 00:12:55'),
(287, 'C12', 265, 0, '2023-11-22 02:20:17'),
(288, 'C11', 4, 0, '2023-11-21 23:04:34'),
(289, 'C10', 333, 0, '2023-11-22 03:42:36'),
(290, 'C9', 144, 0, '2023-11-22 02:05:27'),
(291, 'C8', 90, 0, '2023-11-22 02:22:57'),
(292, 'C7', 257, 0, '2023-11-22 02:00:45'),
(293, 'C6', 23, 0, '2023-11-22 02:13:53'),
(294, 'C5', 230, 0, '2023-11-22 02:03:18'),
(295, 'C4', 187, 0, '2023-11-22 02:23:17'),
(296, 'C3', 124, 0, '2023-11-22 02:02:47'),
(297, 'C2', 19, 0, '2023-11-22 02:17:50'),
(298, 'C1', 66, 0, '2023-11-22 02:05:15'),
(299, 'G60', 615, 0, '2024-01-08 11:52:17'),
(300, 'G59', 182, 0, '2024-01-11 00:16:51'),
(301, 'G58', 733, 0, '2024-01-11 00:37:09'),
(302, 'G57', 87, 0, '2024-01-07 09:36:28'),
(303, 'G56', 644, 0, '2024-01-10 10:29:30'),
(304, 'G55', 630, 0, '2024-01-09 08:03:23'),
(305, 'G54', 638, 0, '2024-01-08 02:52:33'),
(306, 'G53', 639, 0, '2024-01-08 03:59:24'),
(307, 'G52', 385, 0, '2023-11-28 23:44:15'),
(308, 'G51', 530, 0, '2024-01-10 04:24:02'),
(309, 'G50', 701, 0, '2024-01-10 06:16:08'),
(310, 'G49', 553, 0, '2023-12-05 11:35:13'),
(311, 'G48', 76, 0, '2023-11-25 02:33:58'),
(312, 'G47', 721, 0, '2024-01-10 01:10:30'),
(313, 'G46', 731, 0, '2024-01-10 23:05:48'),
(314, 'G45', 171, 0, '2024-01-08 02:22:29'),
(315, 'G44', 624, 0, '2024-01-08 02:42:43'),
(316, 'G43', 206, 0, '2023-11-23 22:02:34'),
(317, 'G42 A', 726, 0, '2024-01-10 07:24:31'),
(318, 'G41 A', 747, 0, '2024-01-15 04:08:36'),
(319, 'G40 A', 737, 0, '2024-01-11 11:57:57'),
(320, 'G39 A', 166, 0, '2023-12-08 14:56:14'),
(321, 'G38', 722, 0, '2024-01-11 02:11:15'),
(322, 'G37', 352, 0, '2023-11-24 02:18:36'),
(323, 'G36', 641, 0, '2024-01-14 10:22:59'),
(324, 'G35', 326, 0, '2023-11-26 01:09:12'),
(325, 'G34', 325, 0, '2023-11-24 09:10:26'),
(326, 'G33', 313, 0, '2023-11-23 09:33:51'),
(327, 'G32', 29, 0, '2023-11-24 01:46:00'),
(328, 'G31', 72, 0, '2023-11-23 09:26:45'),
(329, 'G30', 717, 0, '2024-01-09 20:39:58'),
(330, 'G29', 286, 0, '2023-11-26 00:53:09'),
(331, 'G28', 682, 0, '2024-01-08 06:39:53'),
(332, 'G27', 334, 0, '2023-11-22 03:47:54'),
(333, 'G26', 289, 0, '2023-11-26 02:55:11'),
(334, 'G25', 143, 0, '2023-11-22 02:04:02'),
(335, 'G24', 408, 0, '2023-11-29 23:52:35'),
(336, 'G23', 266, 0, '2023-11-23 02:17:47'),
(337, 'G22', 372, 0, '2023-11-28 00:28:00'),
(338, 'G21', 259, 0, '2023-11-22 02:14:26'),
(339, 'G20', 128, 0, '2023-11-26 02:30:50'),
(340, 'G19', 249, 0, '2023-11-22 02:04:52'),
(341, 'G18', 117, 0, '2024-01-07 06:16:12'),
(342, 'G17', 229, 0, '2023-11-22 01:58:03'),
(343, 'G16', 581, 0, '2024-01-07 08:07:54'),
(344, 'G15', 224, 0, '2023-11-22 02:09:41'),
(345, 'G14', 642, 0, '2024-01-08 02:56:58'),
(346, 'G13', 122, 0, '2023-11-22 02:07:17'),
(347, 'G12', 580, 0, '2024-01-07 06:05:43'),
(348, 'G11', 317, 0, '2023-11-26 00:39:39'),
(349, 'G10', 172, 0, '2023-11-24 05:19:06'),
(350, 'G9', 320, 0, '2023-11-26 03:13:26'),
(351, 'G8', 263, 0, '2023-12-04 03:17:18'),
(352, 'G7', 41, 0, '2023-11-26 10:23:54'),
(353, 'G6', 752, 0, '2024-01-15 10:35:10'),
(354, 'G5', 149, 0, '2023-11-26 00:43:13'),
(355, 'G4', 621, 0, '2024-01-09 06:29:41'),
(356, 'G3', 350, 0, '2023-11-26 00:07:53'),
(357, 'G2', 723, 0, '2024-01-10 07:15:05'),
(358, 'G1', 148, 0, '2023-11-26 00:02:25'),
(359, 'G39 B', 109, 0, '2023-11-24 01:04:57'),
(360, 'G40 B', 753, 0, '2024-01-17 09:33:15'),
(361, 'W18', 643, 0, '2024-01-23 01:17:44'),
(362, 'W17', 746, 0, '2024-01-15 04:51:13'),
(363, 'W16', NULL, 1, NULL),
(364, 'W15', 773, 0, '2024-07-12 00:13:39'),
(365, 'W14', NULL, 1, NULL),
(366, 'W13', 628, 0, '2024-01-09 07:55:05'),
(367, 'W12', 674, 0, '2024-01-08 04:32:10'),
(368, 'W11', 510, 0, '2023-11-30 10:00:10'),
(369, 'W10', 20, 0, '2024-01-11 10:35:25'),
(370, 'W9', 557, 0, '2024-01-16 21:59:58'),
(371, 'W8', 738, 0, '2024-01-11 08:36:33'),
(372, 'W7', 765, 0, '2024-01-30 07:31:20'),
(373, 'W6', NULL, 1, NULL),
(374, 'W5', 535, 0, '2024-01-12 07:25:07'),
(375, 'W4', 770, 0, '2024-02-14 01:04:03'),
(376, 'W3', 552, 0, '2024-01-16 04:52:46'),
(377, 'W2', NULL, 1, NULL),
(378, 'W1', 680, 0, '2024-01-08 04:41:06'),
(379, 'D32', 710, 0, '2024-01-09 10:25:38'),
(380, 'D31', 692, 0, '2024-01-08 05:48:46'),
(381, 'D30', 42, 0, '2024-01-10 21:17:24'),
(382, 'D29', 697, 0, '2024-01-08 07:05:06'),
(383, 'D28', 547, 0, '2024-01-11 20:00:06'),
(384, 'D27', 367, 0, '2023-11-27 20:59:23'),
(385, 'D26', 704, 0, '2024-01-08 23:59:24'),
(386, 'D25', 613, 0, '2024-01-10 08:45:44'),
(387, 'D24', 716, 0, '2024-01-09 11:55:37'),
(388, 'D23', 355, 0, '2024-01-09 03:32:58'),
(389, 'D22', 649, 0, '2024-01-08 03:12:34'),
(390, 'D21', 140, 0, '2023-11-23 02:16:41'),
(391, 'D20', 253, 0, '2023-11-23 09:54:44'),
(392, 'D19', 154, 0, '2023-11-22 06:55:09'),
(393, 'D18', 584, 0, '2024-01-07 06:03:04'),
(394, 'D17', 622, 0, '2024-01-08 11:01:01'),
(395, 'D16', 676, 0, '2024-01-08 04:14:12'),
(396, 'D15', 656, 0, '2024-01-08 04:24:51'),
(397, 'D14', 694, 0, '2024-01-09 10:45:20'),
(398, 'D13', 620, 0, '2024-01-08 02:31:05'),
(399, 'D12', 585, 0, '2024-01-08 04:56:08'),
(400, 'D11', 664, 0, '2024-01-08 04:55:10'),
(401, 'D10', 589, 0, '2024-01-07 05:26:54'),
(402, 'D9', 730, 0, '2024-01-10 21:34:30'),
(403, 'D8', 618, 0, '2024-01-08 02:24:28'),
(404, 'D7', 24, 0, '2024-01-10 23:53:10'),
(405, 'D6', 616, 0, '2024-01-08 03:38:50'),
(406, 'D5', 364, 0, '2023-11-27 04:45:53'),
(407, 'D4', 667, 0, '2024-01-09 11:53:58'),
(408, 'D3', 33, 0, '2023-11-22 02:54:21'),
(409, 'D2', 707, 0, '2024-01-09 07:09:41'),
(410, 'D1', 125, 0, '2023-11-22 02:54:36'),
(411, 'T30', 666, 0, '2024-01-08 03:38:30'),
(412, 'T29', 381, 0, '2023-11-29 00:15:21'),
(413, 'T28', 660, 0, '2024-01-08 03:38:05'),
(414, 'T27', 395, 0, '2023-11-29 05:37:39'),
(415, 'T26', 593, 0, '2024-01-07 06:37:38'),
(416, 'T25', 252, 0, '2023-11-21 22:32:35'),
(417, 'T24', 603, 0, '2024-01-07 07:17:59'),
(418, 'T23', 159, 0, '2023-11-26 01:37:44'),
(419, 'T22', 575, 0, '2023-11-30 01:20:15'),
(420, 'T21', 363, 0, '2023-11-27 04:29:47'),
(421, 'T20', 507, 0, '2023-11-30 08:52:13'),
(422, 'T19', 295, 0, '2023-11-27 03:19:41'),
(423, 'T18', 610, 0, '2024-01-07 09:44:15'),
(424, 'T17', 292, 0, '2023-11-27 01:07:34'),
(425, 'T16', 77, 0, '2023-11-29 02:18:24'),
(426, 'T15', 62, 0, '2023-11-21 23:50:50'),
(427, 'T14', 351, 0, '2023-11-24 02:46:47'),
(428, 'T13', 138, 0, '2023-11-22 01:31:34'),
(429, 'T12', 368, 0, '2023-11-27 23:03:17'),
(430, 'T11', 386, 0, '2023-11-29 01:58:07'),
(431, 'T10', 337, 0, '2023-11-22 06:26:57'),
(432, 'T9', 70, 0, '2023-11-21 23:56:30'),
(433, 'T8', 590, 0, '2024-01-08 03:41:45'),
(434, 'T7', 210, 0, '2023-11-22 06:55:30'),
(435, 'T6', 373, 0, '2023-11-28 00:32:34'),
(436, 'T5', 374, 0, '2023-11-28 00:54:28'),
(437, 'T4', 594, 0, '2024-01-07 05:22:39'),
(438, 'T3', 398, 0, '2023-11-29 06:39:56'),
(439, 'T2', 401, 0, '2023-11-29 12:24:46'),
(440, 'T1', 370, 0, '2023-11-27 23:13:26'),
(441, 'N44', 604, 0, '2024-01-11 11:30:58'),
(442, 'N43', 709, 0, '2024-01-22 11:33:38'),
(443, 'N42', 651, 0, '2024-01-14 04:00:23'),
(444, 'N41', 742, 0, '2024-01-11 20:51:34'),
(445, 'N40', 688, 0, '2024-01-11 05:11:23'),
(446, 'N39', 521, 0, '2024-01-11 19:53:29'),
(447, 'N38', 588, 0, '2024-01-09 06:30:52'),
(448, 'N37', 612, 0, '2024-01-09 09:21:19'),
(449, 'N36', 703, 0, '2024-01-09 11:15:11'),
(450, 'N35', 67, 0, '2023-11-22 01:20:21'),
(451, 'N34', 534, 0, '2024-01-08 13:18:05'),
(452, 'N33', 528, 0, '2023-11-30 09:18:50'),
(453, 'N32', 712, 0, '2024-01-10 07:10:57'),
(454, 'N31', 177, 0, '2024-01-08 05:46:43'),
(455, 'N30', 516, 0, '2023-12-05 02:41:44'),
(456, 'N29', 400, 0, '2023-11-29 08:30:55'),
(457, 'N28', 751, 0, '2024-01-15 04:00:22'),
(458, 'N27', 605, 0, '2024-01-15 11:24:38'),
(459, 'N26', 89, 0, '2024-01-08 03:47:10'),
(460, 'N25', 202, 0, '2023-11-29 12:29:39'),
(461, 'N24', 749, 0, '2024-03-05 00:08:05'),
(462, 'N23', 176, 0, '2024-01-14 11:11:29'),
(463, 'N22', NULL, 1, NULL),
(464, 'N21', 570, 0, '2024-01-15 23:07:50'),
(465, 'N20', 539, 0, '2024-01-12 00:48:15'),
(466, 'N19', 601, 0, '2024-02-07 02:03:44'),
(467, 'N18', 39, 0, '2023-11-25 08:07:07'),
(468, 'N17', 619, 0, '2024-01-15 12:20:43'),
(469, 'N16', 772, 0, '2024-04-22 22:23:02'),
(470, 'N15', 759, 0, '2024-01-19 03:11:46'),
(471, 'N14', 767, 0, '2024-02-02 02:01:36'),
(472, 'N13', 748, 0, '2024-01-15 02:55:13'),
(473, 'N12', 768, 0, '2024-02-02 02:02:10'),
(474, 'N11', 281, 0, '2024-01-11 01:09:41'),
(475, 'N10', NULL, 1, NULL),
(476, 'N9', 736, 0, '2024-01-11 20:04:34'),
(477, 'N8', 406, 0, '2023-11-29 23:36:27'),
(478, 'N7', 761, 0, '2024-01-18 05:56:47'),
(479, 'N6', 635, 0, '2024-01-08 02:47:02'),
(480, 'N5', 758, 0, '2024-01-18 09:58:02'),
(481, 'N4', 191, 0, '2023-11-22 02:30:09'),
(482, 'N3', 673, 0, '2024-01-08 04:06:51'),
(483, 'N2', 556, 0, '2024-01-12 04:15:57'),
(484, 'N1', 271, 0, '2023-11-22 02:37:26'),
(485, 'B42', 375, 0, '2023-11-28 02:59:22'),
(486, 'B41', 68, 0, '2023-12-02 11:58:01'),
(487, 'B40', 95, 0, '2024-01-08 02:54:44'),
(488, 'B39', 188, 0, '2023-11-26 00:47:10'),
(489, 'B38', 609, 0, '2024-01-07 09:44:07'),
(490, 'B37', 388, 0, '2023-11-29 04:32:29'),
(491, 'B36', 387, 0, '2023-11-29 04:36:13'),
(492, 'B35', 132, 0, '2023-11-26 00:38:59'),
(493, 'B34', 602, 0, '2024-01-07 07:52:05'),
(494, 'B33', 113, 0, '2023-11-26 01:45:08'),
(495, 'B32', 606, 0, '2024-01-07 07:38:51'),
(496, 'B31', 360, 0, '2023-11-26 05:52:09'),
(497, 'B30', 608, 0, '2024-01-07 09:16:59'),
(498, 'B29', 26, 0, '2023-11-26 00:40:35'),
(499, 'B28', 586, 0, '2024-01-07 07:19:05'),
(500, 'B27', 379, 0, '2023-11-28 09:26:12'),
(501, 'B26', 376, 0, '2023-11-28 03:56:26'),
(502, 'B25', 32, 0, '2023-11-26 05:21:22'),
(503, 'B24', 46, 0, '2023-11-26 01:17:24'),
(504, 'B23', 290, 0, '2023-11-26 00:51:50'),
(505, 'B22', 648, 0, '2024-01-08 03:11:20'),
(506, 'B21', 237, 0, '2023-11-26 02:19:00'),
(507, 'B20', 393, 0, '2023-11-29 05:23:50'),
(508, 'B19', 74, 0, '2023-11-26 00:39:11'),
(509, 'B18', 598, 0, '2024-01-07 11:14:17'),
(510, 'B17', 294, 0, '2023-11-26 01:08:59'),
(511, 'B16', 611, 0, '2024-01-07 11:10:45'),
(512, 'B15', 60, 0, '2023-11-26 01:46:40'),
(513, 'B14', 658, 0, '2024-01-08 03:28:33'),
(514, 'B13', 371, 0, '2023-11-27 23:17:18'),
(515, 'B12', 631, 0, '2024-01-08 02:55:57'),
(516, 'B11', 377, 0, '2023-11-28 05:41:16'),
(517, 'B10', 59, 0, '2023-11-26 03:10:46'),
(518, 'B9', 407, 0, '2023-11-29 23:34:37'),
(519, 'B8', 662, 0, '2024-01-08 03:29:13'),
(520, 'B7', 383, 0, '2023-11-28 23:45:31'),
(521, 'B6', 653, 0, '2024-01-08 03:20:27'),
(522, 'B5', 384, 0, '2023-11-28 23:44:42');

-- --------------------------------------------------------

--
-- Table structure for table `lthings`
--

CREATE TABLE `lthings` (
  `id` int(5) NOT NULL,
  `cat_ref` int(3) NOT NULL,
  `discription` varchar(100) DEFAULT NULL,
  `adressid` int(3) DEFAULT NULL,
  `pincode` int(10) DEFAULT NULL,
  `uemail` varchar(35) DEFAULT NULL,
  `imgid` int(5) DEFAULT NULL,
  `postdate` date NOT NULL,
  `draft` int(1) NOT NULL DEFAULT 0,
  `ddate` date DEFAULT NULL
) ENGINE=InnoDB DEFAULT CHARSET=latin1 COLLATE=latin1_swedish_ci;

--
-- Triggers `lthings`
--
DELIMITER $$
CREATE TRIGGER `lcount` AFTER INSERT ON `lthings` FOR EACH ROW UPDATE `user` SET `posts`=`posts`+1 WHERE `email`=new.`uemail`
$$
DELIMITER ;
DELIMITER $$
CREATE TRIGGER `lostpostdel` AFTER DELETE ON `lthings` FOR EACH ROW BEGIN
UPDATE `user` SET `posts`=`posts`-1 WHERE `email`=old.`uemail`;

          DELETE FROM `limages` WHERE `id`=old.`imgid`;

          DELETE FROM `adress` WHERE `aid`=old.`adressid`;
          
END
$$
DELIMITER ;

-- --------------------------------------------------------

--
-- Table structure for table `members`
--

CREATE TABLE `members` (
  `member_id` int(11) NOT NULL,
  `email` varchar(100) NOT NULL,
  `password` varchar(30) NOT NULL,
  `first_name` varchar(30) DEFAULT '',
  `last_name` varchar(30) DEFAULT '',
  `date_joine` datetime DEFAULT current_timestamp(),
  `is_admin` int(11) DEFAULT 0
) ENGINE=InnoDB DEFAULT CHARSET=latin1 COLLATE=latin1_swedish_ci;

--
-- Dumping data for table `members`
--

INSERT INTO `members` (`member_id`, `email`, `password`, `first_name`, `last_name`, `date_joine`, `is_admin`) VALUES
(1, 'basson.pedro@gmail.com', 'Basson01', 'Pedro', 'Basson', '2022-12-22 12:07:29', 1),
(2, 'reinhardtrfdw@gmail.com', 'Rfdw01', 'Reinhardt', 'de Wet', '2023-01-06 11:25:09', 1),
(3, 'rozelle.visser@helpmekaar.co.za', 'Mariaan!', 'Rozelle', 'Visser', '2023-01-11 05:56:14', 1),
(4, 'bryan.longbottom@helpmekaar.co.za', 'BryanL2023', 'Bryan', 'Longbottom', '2023-03-26 03:30:40', 1);

-- --------------------------------------------------------

--
-- Table structure for table `pickuptime`
--

CREATE TABLE `pickuptime` (
  `time_id` int(11) NOT NULL,
  `time` varchar(50) NOT NULL DEFAULT '',
  `is_active` smallint(6) NOT NULL DEFAULT 0
) ENGINE=InnoDB DEFAULT CHARSET=latin1 COLLATE=latin1_swedish_ci;

--
-- Dumping data for table `pickuptime`
--

INSERT INTO `pickuptime` (`time_id`, `time`, `is_active`) VALUES
(1, 'Voor Skool', 1),
(2, 'Eerste Pouse', 1),
(3, 'Tweede Pouse', 1),
(4, 'Na Skool', 1);

-- --------------------------------------------------------

--
-- Table structure for table `students`
--

CREATE TABLE `students` (
  `student_id` int(11) NOT NULL,
  `ID` varchar(13) NOT NULL,
  `first_name` varchar(50) DEFAULT '',
  `last_name` varchar(100) DEFAULT '',
  `grade` int(11) DEFAULT 8
) ENGINE=InnoDB DEFAULT CHARSET=latin1 COLLATE=latin1_swedish_ci;

--
-- Dumping data for table `students`
--

INSERT INTO `students` (`student_id`, `ID`, `first_name`, `last_name`, `grade`) VALUES
(4, '0601100145080', 'Zoe', 'Marais', 12),
(5, '0701080559084', 'Zoe', 'Botha', 11),
(7, '0811100368083', 'Zeney', 'Beukes', 10),
(8, '0603280369084', 'Zani', 'Prinsloo', 12),
(9, '0603291607084', 'Zanel', 'van Eeden', 12),
(10, '0708215461086', 'Zane', 'Coetzee', 11),
(11, '0603145172087', 'Zander', 'Steyn', 12),
(13, '0804025358081', 'Wian', 'Britz', 10),
(14, '0607165234081', 'Wessel', 'Kuhn', 12),
(16, '0704240124088', 'Vanessa', 'Langford', 11),
(19, '0604015112088', 'Tian', 'Ras', 12),
(20, '0809275411084', 'Tiago', 'Da Veiga', 10),
(21, '0707270189087', 'Suzanne', 'Hartzer', 11),
(22, '0808310369083', 'Suri', 'Pienaar', 10),
(23, '0605290203088', 'Sun ', 'van Heerden', 12),
(24, '0612135187088', 'Stiaan', 'Nieuwoudt', 11),
(26, '0802050320083', 'Siemon', 'Hattingh', 10),
(27, '0612171132089', 'Shante-Lee', 'Oosthuizen', 12),
(29, '0711225443086', 'Sean', 'Aggenbacht', 11),
(30, '0610025147089', 'Ryan', 'Smith', 12),
(31, '0602205309084', 'Rupert', 'jansen van Vuuren', 12),
(32, '0709145350084', 'Rudy', 'Meyer', 10),
(33, '0601195812081', 'Ruben', 'Vlok', 12),
(35, '0805076167081', 'Ruben', 'Malan', 10),
(36, '0810170538088', 'Robin', 'Steenkamp', 10),
(37, '0809275152084', 'Richard', 'Maree', 10),
(38, '0809305130084', 'Rheece', 'van Rooyen', 10),
(39, '0612135186080', 'Regardt', 'Nieuwoudt', 11),
(41, '0804175346084', 'Pedri', 'Mouton', 10),
(42, '0806066441080', 'Paul', 'Bester', 10),
(43, '0809090171087', 'Pascal', 'du Toit', 10),
(44, '0705150416083', 'Nita', 'Fitton', 11),
(46, '0806180303083', 'Nina', 'Nieuwoudt', 10),
(47, '0812125314086', 'Niel', 'van der Merwe', 10),
(49, '0605180316081', 'Nicola', 'Mackridge', 12),
(50, '0802095160080', 'Nell', 'Stegmann', 10),
(51, '0612085577080', 'Nathann', 'Knoop', 11),
(52, '0601240169081', 'Nadia', 'Meyer', 12),
(53, '0604210549084', 'Nadia', 'de Kock', 12),
(54, '0811200220085', 'Mila', 'van der Merwe', 10),
(55, '0703260258081', 'Mikaela', 'Wessels', 11),
(56, '0801030338082', 'Mignon', 'Potgieter', 10),
(59, '0810020204089', 'Mieke', 'Barnard', 10),
(60, '0804100567085', 'Michelle', 'Taylor', 10),
(62, '0603300449080', 'Michelle', 'Cilliers', 12),
(63, '0608195140082', 'Michael', 'Victor', 12),
(64, '0603130392088', 'Mia', 'Nel', 12),
(65, '0809220553089', 'Miane', 'Jacobs', 10),
(66, '0602140364087', 'Mia', 'Ludik', 12),
(67, '0608260106083', 'Mia', 'Kuun', 12),
(68, '0807070383086', 'Mia', 'Johnson', 10),
(70, '0604260198089', 'Melissa', 'Groenewald', 12),
(72, '0610270150085', 'Melissa', 'Campbell', 12),
(73, '0703010303088', 'Megan', 'Kruger', 11),
(74, '0803070272080', 'Megan', 'Carstens', 10),
(75, '0606210159087', 'McKayla', 'Roesch', 12),
(76, '0706255626089', 'Matthew', 'de Jager', 11),
(77, '0804135332083', 'Marnu', 'Bouwer', 10),
(78, '0811115697088', 'Marico', 'Stoop', 10),
(79, '0801200205087', 'Marichelle', 'Draper', 10),
(82, '0809165274089', 'Malakai', 'Steenkamp', 10),
(83, '0711220188082', 'Maia', 'Sandenbergh', 11),
(86, '0701115257084', 'Luan', 'Jansen', 11),
(87, '0705090580089', 'Luan ', 'Human', 11),
(89, '0810065405088', 'Louis', 'Breytenbach', 10),
(90, '0609170252082', 'Liza-Louise', 'Els', 12),
(92, '0801021208088', 'Liney', 'du Preez', 10),
(93, '0512130334083', 'Lindi-Ann', 'de Vries', 12),
(94, '0602050372088', 'Lilian', 'Geekie', 12),
(95, '0806290143080', 'Lienka', 'Kuun', 10),
(96, '0803190341088', 'Lienka', 'Colyn', 10),
(97, '0810215458086', 'Liam', 'Hessel', 10),
(98, '0808110547086', 'Lea', 'Roos', 10),
(99, '0804171638088', 'Leane', 'janse van Rensburg', 10),
(100, '0604200475084', 'Leah', 'Kloppers', 12),
(101, '0801170451083', 'Laya', 'Lambert', 10),
(104, '0705160325084', 'Kyla', 'Minnaar', 11),
(106, '0804105384080', 'Kian', 'Vermaak ', 10),
(107, '0705010272080', 'Keira', 'Fouche', 11),
(109, '0711260208089', 'Kayleigh', 'Nelson', 11),
(110, '0707040282089', 'Kayla', 'Wolfaardt', 11),
(113, '0810270330089', 'Kayla', 'Grobbelaar', 10),
(114, '0711281324089', 'Katya', 'Els', 10),
(115, '0607220179081', 'Katryn', 'Jacobsz', 12),
(117, '0812180550087', 'Karlie', 'Nel', 10),
(118, '0709150185086', 'Karla', 'van der Westhuysen', 11),
(119, '0511250482086', 'Karla', 'Strydom', 12),
(120, '0706060237080', 'Kara', 'Lubbe', 11),
(121, '0604100575082', 'Kara', 'Janse van Rensburg', 12),
(122, '0610050429089', 'Kaitlin', 'Scott', 12),
(123, '0805220266086', 'Kaitlin', 'du Plessis', 10),
(124, '0603135375088', 'Julian', 'Jacobs', 12),
(125, '0602055144086', 'Juanru', 'Marais', 12),
(128, '0807195140080', 'Jordan', 'Leibowitz', 10),
(129, '0804240525084', 'Jordan', 'Kruuse', 10),
(130, '0804250188088', 'Jordan', 'De Klerk', 10),
(131, '0603085273085', 'Jonathan', 'Szabo', 12),
(132, '0805295212080', 'Johard', 'Venter', 10),
(133, '0702210321080', 'Jessica', 'janse van Rensburg', 11),
(135, '0609145172084', 'Jean-Jacques', 'du Preez', 12),
(137, '0604185547089', 'Janko', 'Smit', 12),
(138, '0608210270088', 'Janien', 'Korsten', 12),
(140, '0606265386080', 'Jandr ', 'Basson', 12),
(141, '0701100323081', 'Jana', 'Thomas', 11),
(143, '0607175357088', 'Jaiden', 'Henning', 12),
(144, '0609260333081', 'Jacey-Leigh', 'Jacobs', 12),
(146, '0706241055088', 'Isabella', 'Jeppe', 11),
(147, '0603030187083', 'Ingrid', 'Holm', 12),
(148, '0801100256081', 'Inge', 'Vermaak', 10),
(149, '0811110236080', 'Inge', 'Venter', 10),
(151, '0603305335086', 'Henri', 'Britz', 12),
(153, '0708065166082', 'Heinz', 'van Staden', 11),
(154, '0604035297083', 'Hano', 'Strydom', 12),
(155, '0801105237086', 'Gustav', 'Vorster', 10),
(157, '0601180247087', 'Gizelle', 'Jordaan', 12),
(158, '0804025359089', 'Gian', 'Britz', 10),
(159, '0802240565084', 'Gabby', 'Rademeyer', 10),
(162, '0805220225082', 'Enya', 'van der Merwe', 10),
(164, '0810300476084', 'Emma', 'Watts', 10),
(165, '0603010218080', 'Emma', 'Vorster', 12),
(166, '0601300498081', 'Emma', 'Jordaan', 12),
(168, '0805220210084', 'Emily', 'Olivier', 10),
(169, '0606020358085', 'Emily', 'Barber', 12),
(170, '0805020241081', 'Emilia', 'Tizzone', 10),
(171, '0801225838086', 'Emile', 'van Niekerk', 10),
(172, '0712205164080', 'Emile', 'du Toit', 11),
(174, '0605310195082', 'Elisha', 'van Niekerk', 12),
(175, '0801140398083', 'Elan  ', 'Maree', 10),
(176, '0809265404081', 'Eben', 'van Graan', 10),
(177, '0703080300089', 'Disa Mari', 'Br nn', 11),
(178, '0704260102089', 'Dionette', 'Pretorius', 11),
(181, '0811200222081', 'Delana', 'Lubbe', 10),
(182, '0706240279085', 'Danielle', 'Meintjes', 11),
(183, '0707265216085', 'Daniel', 'Kornelius', 11),
(184, '0604045141081', 'Danie', 'Enslin', 12),
(186, '0712010132082', 'Clarise', 'Swart', 11),
(187, '0601260199083', 'Christin', 'Chemaly', 12),
(188, '0802225347086', 'Christiaan', 'van der Merwe', 10),
(191, '0608170163083', 'Chloe', 'Gill', 12),
(192, '0703290103083', 'Charlotte', 'Kapp', 11),
(194, '0603140344087', 'Chant ', 'van Breda', 12),
(195, '0703160966080', 'Chandr ', 'van den Berg', 11),
(197, '0704040401082', 'Carmen', 'Toms', 11),
(201, '0707170440085', 'Carla', 'Voogt', 11),
(202, '0809250165085', 'Carla', 'Viljoen', 10),
(204, '0702230294085', 'Carla', 'Kwakernaak', 11),
(206, '0707245226089', 'Burger', 'Niemandt', 11),
(207, '0806195597083', 'Boris', 'Solomyak', 10),
(208, '0701120254084', 'Blyde', 'Schoeman', 11),
(209, '0509050137082', 'Bianca', 'de Kock', 12),
(210, '0609045206081', 'Bernard', 'van Krieken', 12),
(211, '0801045492080', 'Ben', 'Barnard', 10),
(212, '0808200199087', 'Bella', 'Jacobsz', 10),
(213, '0809010453086', 'Bea', 'van der Walt', 10),
(214, '0806090197088', 'Baylin ', 'Britz ', 10),
(215, '0710180292082', 'Anuschka', 'Theunissen', 11),
(217, '0705070247089', 'Anri', 'Fourie', 11),
(218, '0609280163088', 'Annika', 'Dirker', 12),
(221, '0704150310081', 'Anke', 'Strauss', 11),
(224, '0609130216086', 'Anika', 'Nel', 12),
(225, '0602220515087', 'Angelina', 'Tappan', 12),
(226, '0805250325083', 'Andrea', 'Cuyler', 10),
(227, '0709120524083', 'Anandri', 'Nel', 11),
(228, '0703020357082', 'Amelie', 'van Zyl', 11),
(229, '0607140402084', 'Amelie', 'Muller', 12),
(230, '0605240212080', 'Amelia', 'Olivier', 12),
(231, '0810250704089', 'Amber', 'Dell', 10),
(232, '0804040676087', 'Amae', 'de Klerk', 10),
(234, '0708185215082', 'Alec', 'Brink', 11),
(235, '0809260122084', 'Alba', 'Kloppers', 10),
(236, '0603120568085', 'Aimee', 'Langenhoven', 12),
(237, '0804260473082', 'Abigail', 'Cholewka', 10),
(247, '0601180213089', 'Am lie', 'du Plessis', 12),
(248, '0611170140085', 'An ', 'Mills', 12),
(249, '0603230175086', 'Biance', 'van der Walt', 12),
(250, '0610060460082', 'Chamon ', 'Fourie', 12),
(251, '0608040129082', 'Shanae', 'Nel', 12),
(252, '0510240435089', 'Christine', 'Taylor', 12),
(253, '0602145264084', 'Christiaan', 'Brand', 12),
(254, '0604215105080', 'Coenraad', 'Olivier', 12),
(255, '0603165329088', 'Dawid', 'Wiggett', 12),
(256, '0606085356081', 'Diaan', 'Rooseboom', 12),
(257, '0602270163085', 'Isabella', 'Fouch ', 12),
(258, '0601186374083', 'Jacques', 'Naud ', 12),
(259, '0607180317085', 'Carla', 'Klingbiel', 12),
(260, '0608040128084', 'Kiara', 'Raftopoulos', 12),
(261, '0609020149082', 'Lan ', 'du Preez', 12),
(262, '0609270334087', 'Len ', 'Dyson', 12),
(263, '0605290264080', 'Mikayla', 'Carstens', 12),
(265, '0512060161084', 'Mieck ', 'van Dyk', 12),
(266, '0611030145084', 'Mon ', 'van der Breggen', 12),
(267, '0603030279088', 'N ka', 'Stols', 12),
(268, '0607211361086', 'Run ', 'van Wyk', 12),
(269, '0602200570086', 'Talia', 'van Niekerk', 12),
(270, '0604195267082', 'Werner', 'janse van Rensburg', 12),
(271, '0604190567080', 'Zo ', 'van Kaam', 12),
(272, '0703120212088', 'Alehandri', 'Theron', 11),
(273, '0703210182084', 'An ', 'Minnaar', 11),
(274, '0707140319088', 'Chant ', 'Conradie', 11),
(275, '0705235341082', 'Dani l', 'Roos', 11),
(276, '0705140637087', 'Danielle', 'Wilkinson', 11),
(277, '0706065215081', 'Jean', 'Lubbe', 11),
(278, '0702060113082', 'Juan ', 'van Niekerk', 11),
(279, '0701180157086', 'Kaitlyn', 'Faber', 11),
(280, '0709110360084', 'Krist ', 'Barnes', 11),
(281, '0708070349087', 'Leah', 'Vivier', 11),
(282, '0709100307087', 'Len ', 'Labuschagne', 11),
(283, '0703230354085', 'Zo ', 'Fuller', 11),
(284, '0805285241081', 'Aidan', 'Labuschaigne', 10),
(285, '0805120632080', 'Anja', 'Engelbrecht', 10),
(286, '0806020462081', 'Klarabel', 'Br nn', 10),
(287, '0810150254086', 'Caitlyn', 'Willett', 10),
(288, '0808080461086', 'Chemen ', 'Mentz', 10),
(289, '0802075231083', 'Christiaan', 'H ll', 10),
(290, '0810240952087', 'Christi', 'Lourens', 10),
(291, '0802140252080', 'Danni', 'Carr', 10),
(292, '0807280104082', 'Denike', 'Borman', 10),
(293, '0803290214086', 'Deon ', 'Mouton', 10),
(294, '0812080176082', 'Gen ', 'Bronkhorst', 10),
(295, '0808050169081', 'Helene', 'Piek', 10),
(296, '0808040296085', 'In ', 'van der Merwe', 10),
(297, '0708030465080', 'Juliette', 'Leathem', 11),
(298, '0809140222088', 'Katelyn ', 'Swanepoel', 10),
(299, '0801180323082', 'Lara', 'van Niekerk', 10),
(300, '0809041549084', 'Mian ', 'Lange', 10),
(301, '0807030351082', 'Miecka', 'Venter', 10),
(302, '0807100252087', 'Emma', 'Kruger', 10),
(303, '0812155170085', 'Sebastian', 'Kloek', 10),
(304, '0805260483088', 'Shilo', 'Lu s', 10),
(312, '0605165149085', ' Nelius', 'van Graan', 12),
(313, '0601260288084', 'Waldri', 'Viljoen', 12),
(314, '0607190202087', 'Kuhn', 'Elanzé', 12),
(315, '0602255334081', 'Divan', 'Raubenheimer', 12),
(317, '0812035518081', 'Ryan', 'Marx', 10),
(320, '0804025395083', 'Ruewan', 'Henning', 10),
(322, '0701105169083', 'Dylan', 'van der Merwe', 11),
(323, '0710165603089', 'Hendré', 'Calitz', 11),
(325, '0706115155089', 'Malachai', 'Cilliers', 11),
(326, '0807110235080', 'Leané', 'Jansen van Vuuren', 10),
(327, '0710230210084', 'Simoné', 'Heydenrych', 11),
(328, '0710230211082', 'Saskia', 'Heydenrych', 11),
(329, '0601055381086', 'Jacques', 'Duvenage', 12),
(330, '0603285183084', 'Juan', 'Bahlmann', 12),
(331, '0603150230085', 'Danielle', 'du Preez', 12),
(333, '0609270294083', 'Simonne', 'van der Vyver', 12),
(334, '0608210472080', 'Vida', 'Cilliers', 12),
(336, '0601055200088', 'Reynier', 'Landman', 12),
(337, '0612140195084', '	Elandri', 'jansen van Vuuren', 12),
(339, '0605025421088', 'Renko', 'Nell', 12),
(340, '0605090285087', 'Dané', 'Pelser', 12),
(341, '0609260382088', 'Jana', 'Theron', 12),
(344, '0602090245088', 'Nicole', 'Alberts', 12),
(348, '0704030498080', 'Amelia ', 'Woudberg', 11),
(349, '0708205171083', 'Reinhardt', 'Neuper ', 11),
(350, '0804250444085', 'Marli', 'Du Preez', 10),
(351, '0612155180088', 'Raycardo', 'Nell', 11),
(352, '0705140232087', 'Danielle', 'van den Berg', 11),
(353, '0702280161085', 'Anchen', 'Uys', 11),
(354, '0706080241088', 'Danielle', 'van der Veer', 11),
(355, '0903305389087', 'Ethan', 'Wilkinson', 9),
(356, '0701310073088', 'Kaylee', 'Symens', 11),
(357, '0901070150080', 'Megan', 'Coetzee', 11),
(358, '0705310239086', 'Sone', 'Nel', 11),
(359, '0711050246083', 'Kristen', 'Stemmet', 11),
(360, '0807080219080', 'Erin', 'Slabbert', 10),
(361, '0807250150081', 'Alexandria', 'Van Wyk', 10),
(362, '0806260559083', 'Keara', 'Bouwer', 10),
(363, '0803290300083', 'van Heerden', 'Anushca', 10),
(364, '0812080350083', 'Elbe', 'janse van Rensburg', 10),
(365, '0810205233085', 'Luc', 'Meyer', 10),
(366, '0801085206085', 'Franco', 'Krone', 10),
(367, '0805160262087', 'Ashleigh', 'Engelbrecht', 10),
(368, '0910020661088', 'Lida-Mari', 'Badenhorst', 9),
(369, '0903110390080', 'Annalou', 'Herman', 9),
(370, '0904070170082', 'Leah', 'Malan', 9),
(371, '0908130239084', 'Janke', 'Gerber', 9),
(372, '0902100543088', 'Miandi', 'Breedt', 9),
(373, '0908170233088', 'Kayden', 'de Kooker', 9),
(374, '0903250302085', 'Biancha', 'Weideman', 9),
(375, '0908176593089', 'Matteo', 'Krog', 9),
(376, '0907180242089', 'Symohne', 'Schutte', 9),
(377, '0908040312088', 'Elisabeth', 'Els', 9),
(378, '0903270240083', 'Matheia', 'Casanoves', 9),
(379, '0906240521086', 'Leilani', 'Nel', 9),
(380, '0811140455080', 'Anre', 'Gordon', 9),
(381, '0908260260082', 'Nohlien', 'van der Heever', 9),
(382, '0912205347087', 'Martin', 'Nel', 9),
(383, '0907280684081', 'Karla', 'van den Berg', 9),
(384, '0907280683083', 'Lana', 'van den Berg', 9),
(385, '0909110659085', 'Mieke', 'Janse van Rensburg', 9),
(386, '0902090552081', 'Isabelle', 'Steyn', 9),
(387, '0912070147083', 'Leane', 'du Plessis', 9),
(388, '0902180400084', 'Mika', 'Pieterse', 9),
(389, '0904050190084', 'Mia', 'Ainslie', 9),
(390, '0908195297084', 'Christiaan', 'Bornman', 9),
(391, '0907280316080', 'Lienke', 'Olivier', 9),
(392, '0903105372085', 'Kai', 'Schroeder', 9),
(393, '0911305433086', 'Charlie', 'Baard', 9),
(394, '0903030627082', 'Kaylin', 'Jansen van Rensburg', 9),
(395, '0902060720080', 'Juane', 'Nel', 9),
(396, '0909196132080', 'Quinn', 'Fouche', 9),
(397, '0909196133088', 'Evan', 'Fouche', 9),
(398, '0902180720085', 'Zane', 'Truter', 9),
(399, '0901280621086', 'Camilla', 'Creighton', 9),
(400, '0906030299083', 'Sumari', 'Hattingh', 9),
(401, '0904090263081', 'Juanne', 'Marais', 9),
(402, '0901190247089', 'Verne', 'Bakkes', 9),
(403, '0905215097080', 'Konrad', 'Gerber', 9),
(404, '0810275139089', 'Robert', 'Greubel', 9),
(405, '0910235080082', 'Dewald', 'Keulder', 9),
(406, '0902040736081', 'Chene', 'van Vuuren', 9),
(407, '0911100258084', 'Leane', 'Nortje', 9),
(408, '0904200284084', 'Annabelle', 'Bianco', 9),
(409, '0603025182081', 'Magnus', 'Wild', 12),
(410, '0802155574089', 'Tylor', 'Kroef', 10),
(411, '507100159080', 'Zia', 'van den Berg', 12),
(412, '504286131082', 'Wilko', 'Van Zyl', 12),
(413, '503260085082', 'Venece', 'van Vollenhoven', 12),
(414, '505276303086', 'Tjaart', 'Mentz', 12),
(415, '506140120086', 'Timon ', 'Labuschagne', 12),
(416, '504285084084', 'Stef', 'Pieterse', 12),
(417, '503220197084', 'Shan ', 'Swanepoel', 12),
(418, '502045133084', 'Ruben', 'Steurer', 12),
(419, '502230173085', 'Pippa', 'Leathem', 12),
(420, '509050320084', 'Nina', 'Venter', 12),
(421, '502160229089', 'Nicole', 'K hn', 12),
(422, '506240296083', 'Mieke', 'Kilian', 12),
(423, '509200119089', 'Mieke', 'Burger', 12),
(424, '502250180085', 'Michelle', 'le Roux', 12),
(425, '508020103083', 'Mia', 'Jansen van Vuuren', 12),
(426, '510180333088', 'Melissa', 'Diederiks', 12),
(427, '503100248080', 'Margitte', 'Kirstein', 12),
(428, '510260160088', 'Manet', 'Krieg', 12),
(429, '507260196088', 'Lydia', 'la Grange', 12),
(430, '506215207081', 'Ludwig', 'Venter', 12),
(431, '508250259084', 'Lourenne', 'Snyman', 12),
(432, '504270121081', 'Lisa', 'Loubser', 12),
(433, '507190119085', 'Lam ', 'van der Merwe', 12),
(434, '502170203082', 'Kylee', 'Labuschagne', 12),
(435, '504221466080', 'Kirsma', 'Kloppers', 12),
(436, '502105223080', 'Keane', 'Els', 12),
(437, '509230125080', 'Kayla', 'Meyer', 12),
(438, '506130210087', 'Kayla', 'Heyneke', 12),
(439, '503300509083', 'Kate-Lynn', 'de Jager', 12),
(440, '508265127086', 'Jos', 'Kotz ', 12),
(441, '502080223089', 'Jorja', 'Saunders', 12),
(442, '508100239088', 'Jessica', 'Davis', 12),
(443, '502225218085', 'Jean', 'de Jong', 12),
(444, '502250141087', 'Jan ', 'Kloppers', 12),
(445, '412130266080', 'Jana', 'Burger', 12),
(446, '508160609089', 'Isabella', 'van Heerden', 12),
(447, '504080261085', 'Inge', 'Swart', 12),
(448, '510280184084', 'Helen', 'Wilson', 12),
(449, '412015177089', 'Gustav', 'Prinsloo', 12),
(450, '510315204089', 'Ewan', 'Basson', 12),
(451, '507070220086', 'Erika', 'van der Walt', 12),
(452, '510050320082', 'Enya', 'Bezuidenhout', 12),
(453, '504010231083', 'Emma', 'du Plessis', 12),
(454, '510040207084', 'Elle', 'Theron', 12),
(455, '504015538086', 'Dian', 'Rossouw', 12),
(456, '505295127086', 'Devon', 'Smith', 12),
(457, '507065421087', 'Christiaan', 'Portwig', 12),
(458, '508105152088', 'Chris', 'de la Rey', 12),
(459, '506060243082', 'Chantlize', 'Nell', 12),
(460, '502210140088', 'Cayla', 'van Rooyen', 12),
(461, '501055174087', 'Carl', 'Whitehead', 12),
(462, '509100109081', 'Carli', 'Engelbrecht', 12),
(463, '507306197082', 'Carl', 'Els', 12),
(464, '509030156087', 'Carla', 'Nel', 12),
(465, '501010413083', 'Cara', 'Venter', 12),
(466, '512300207085', 'Ansie', 'du Plessis', 12),
(467, '509010190080', 'Anneke', 'Rossouw', 12),
(468, '510200169082', 'Anke', 'van der Merwe', 12),
(469, '504120337085', 'Anke', 'Smith', 12),
(470, '508240144081', 'Anke', 'Kelbrick', 12),
(471, '411030248081', 'Alicia', 'Malherbe', 12),
(472, '507290088081', 'Abigael', 'Barnard', 12),
(473, '502110130080', 'Ezaan', 'Husselmann', 12),
(474, '411175175081', 'Jean', 'Labuschagne', 12),
(475, '507295079085', 'Lehan', 'Kruger', 12),
(476, '511140275088', 'Nina', 'Harbron', 12),
(477, '508095134088', 'Philip', 'Joubert', 12),
(478, '510240551083', 'Simon ', 'Swanepoel', 12),
(479, '501110104087', 'Suen ', 'Steenkamp', 12),
(480, '508010117085', 'Tamni', 'Labuschaigne', 12),
(481, '506235297088', 'Michael', 'Neuper', 12),
(482, '509160114088', 'Mikayla', 'Saaiman', 12),
(483, '502090614087', 'Kayla', 'Butler', 12),
(484, '502175197081', 'Marno', 'Breytenbach', 12),
(485, '512190387088', 'Mia', 'Oosthuizen', 12),
(486, '505050270089', 'Erinn', 'Jordaan', 12),
(487, '512130142080', 'Nerine', 'Hattingh', 12),
(488, '504010230085', 'Erin', 'du Plessis', 12),
(489, '506140102086', 'Timoné', 'Labuschagne', 12),
(490, '507040124087', 'Simoné', 'Gerber', 12),
(491, '506260106089', 'Tamryn', 'Arter', 12),
(492, '412015177087', 'Gustav', 'Prinsloo', 12),
(493, '503240288087', 'Zia', 'Hartzer', 12),
(494, '803055425085', 'Duwan', 'Weideman', 9),
(495, '706075579088', 'Brendan', 'Kruger', 10),
(496, '802220280084', 'Zanri', 'Dicks', 9),
(497, '507215599089', 'Arno', 'Bruckner', 12),
(498, '506245329087', 'Philip', 'Kilian', 12),
(499, '702280362089', 'Tanésha', 'Faurie', 10),
(500, '703170777089', 'Beor', 'Smith', 10),
(501, '904210216084', 'Minké', 'Böhmer', 8),
(502, '901235831087', 'Niel', 'van der Walt', 8),
(503, '912020458085', 'Simone', 'Grobbelaar', 8),
(504, '904010655085', 'Logan', 'Bothma', 8),
(505, '811075372086', 'Adriano', 'Goncalves', 9),
(506, '905050370089', 'Emma', 'de Beer', 8),
(507, '907200375083', 'Taliya', 'Moolman', 8),
(508, '901235517082', 'Stephan', 'Potgieter', 8),
(509, '902260444085', 'Kiara', 'du Toit', 8),
(510, '910126289081', 'Zak', 'de Klerk', 8),
(511, '902160250087', 'Megan', 'Ellis', 8),
(512, '907290599089', 'Esti', 'Kotzé', 8),
(513, '909295567087', 'Ruan', 'Fourie', 8),
(514, '909250518083', 'Carla', 'Boshoff', 8),
(515, '903020652082', 'Mieke', 'Tryhou', 8),
(516, '903055349083', 'Adam', 'Vivier', 8),
(517, '910045391083', 'Neels', 'van Niekerk', 8),
(518, '907140420080', 'Chloe', 'Cornelissen', 8),
(519, '904225168080', 'Kayden', 'Geyser', 8),
(520, '902230424084', 'Ziné', 'Mostert', 8),
(521, '907130200088', 'Lisa', 'Blom', 8),
(522, '911030109084', 'Lize Simonè', 'van Heerden', 8),
(523, '908095319087', 'Francois', 'Sandenbergh', 8),
(524, '904070409084', 'Ilke', 'Otto', 8),
(525, '909105230082', 'Alexander', 'Wessels', 8),
(526, '902175344081', 'Tobias', 'Kloppers', 8),
(527, '904191152084', 'Sophia', 'Venter', 8),
(528, '907200319081', 'Danielle', 'Viktor', 8),
(529, '906180328088', 'Manon', 'Prins', 8),
(530, '904290377087', 'Christyn', 'van der Westhuizen', 8),
(531, '902100522082', 'Mia', 'Cronje', 8),
(532, '1002090543088', 'Breedt', 'Miandi', 8),
(533, '903040400082', 'Ashleigh', 'Muller', 8),
(534, '901130418089', 'Marli', 'Horn', 8),
(535, '910015710080', 'Alexander', 'Turner', 8),
(536, '9020905520851', 'Isabelle', 'Steyn', 8),
(537, '609295212086', 'Oliver', 'Rix', 11),
(538, '702210730082', 'Xnau', 'Tshabalala', 10),
(539, '911205500083', 'Ethan', 'Stander', 8),
(540, '905280164088', 'Zane', 'Malan', 8),
(541, '903315559083', 'Ralf', 'Ewest', 8),
(542, '906070468081', 'Danica', 'Serfontein', 8),
(543, '906090468081', 'Danica', 'Serfontein', 8),
(544, '903240460084', 'Fransien', 'Els', 8),
(545, '912100334081', 'Jessica', 'Scott', 8),
(546, '901160217088', 'Symone', 'Venter', 8),
(547, '906040344085', 'Carla', 'Cosyn', 8),
(548, '904280271084', 'Claudia', 'Brückner', 8),
(549, '811250259082', 'Stella', 'Myburgh', 9),
(550, '901120362081', 'Lo-Shay', 'Lourens', 8),
(551, '803285385081', 'Cheslin', 'Snyman', 9),
(552, '709210329088', 'Zarah', 'Richards', 10),
(553, '704026393089', 'Michael', 'van Zyl', 10),
(554, '905145286084', 'Daniel', 'Kelbrick', 8),
(555, '704170207085', 'Zane', 'Fourie', 10),
(556, '804090558086', 'Lisa', 'Bresler', 9),
(557, '905175189083', 'Marthinus', 'Jacobsz', 8),
(558, '904225290082', 'Jonathan', 'Visagie', 8),
(559, '909290281080', 'Kayla', 'Doller', 8),
(560, '90403020987', 'Anzelle', 'van Rooyen', 8),
(561, '902110441083', 'Caelin', 'van Lingen', 8),
(562, '912110506082', 'Angelique', 'Ras', 8),
(563, '902236210081', 'Alexander', 'Jeppe', 8),
(564, '905065734089', 'Rohan', 'Claassen', 8),
(565, '905065735086', 'Lian', 'Claassen', 8),
(566, '904030209087', 'Anzelle', 'van Rooyen', 8),
(567, '907235267081', 'Lodewikus', 'Janse van Rensburg', 8),
(568, '906245735087', 'Eli', 'Marallich', 8),
(569, '904275168089', 'Cyle', 'McGeer', 8),
(570, '804101742083', 'Esti', 'Opperman', 9),
(571, '903230232089', 'Ghita', 'Rossouw', 8),
(572, '910065231086', 'Tertius', 'van der Walt', 8),
(573, '602230516083', 'Jaime', 'Scholtz', 11),
(574, '911185321088', 'Johnty', 'van Niekerk', 8),
(575, '0908135284085', 'Juan', 'van Wyngaard', 9),
(576, '0801120642088', 'Leonie', 'du Preez', 10),
(577, '1002190149083', 'Jordyn', 'van Nieuwenhuizen', 8),
(578, '1002220184084', 'Marisse', 'Mostert', 8),
(579, '1006105305086', 'Hugo', 'van Staden', 8),
(580, '1011195225087', 'Rocco', 'Roux', 8),
(581, '1005210728083', 'Elysia', 'Engelbrecht', 8),
(582, '1005180234088', 'Micah', 'Marx', 8),
(583, '1006140423084', 'Twaney', 'Gray', 8),
(584, '1009085198083', 'Roux', 'Wentzel', 8),
(585, '1008260284080', 'Nicola', 'Hoeksema', 8),
(586, '1001030229089', 'Suene', 'Pretorius', 8),
(587, '1007025235080', 'Juan', 'Marais', 8),
(588, '1004155628085', 'Schalk', 'Breytenbach', 8),
(589, '1003120195089', 'Mieke', 'Liebenberg', 8),
(590, '1008025213085', 'Ceanan', 'du Preez', 8),
(591, '1007100584089', 'Katekile', 'Siweya', 8),
(592, '1004055248083', 'Christopher', 'Nagel', 8),
(593, '1005130131087', 'Jana', 'Visagie', 8),
(594, '0912210469082', 'Carissa', 'Muller', 8),
(595, '1003195137081', 'Ethan', 'Thomas', 8),
(596, '1003165157085', 'Jean-Pierre', 'Vercueil', 8),
(597, '1004070596086', 'Sune-Louise', 'Prinsloo', 8),
(598, '1011180165082', 'Inge', 'Barnard', 8),
(599, '1001215184083', 'Ethan', 'Botha', 8),
(600, '1004290327080', 'Hade-Mari', 'van Graan', 8),
(601, '1005130565086', 'Ava', 'Roos', 8),
(602, '1001220469081', 'Nikkita', 'Deysel', 8),
(603, '1005140843085', 'Aimee', 'Watson', 8),
(604, '1011185127087', 'Juan', 'Botha', 8),
(605, '1010070340086', 'Lize', 'Pelser', 8),
(606, '1002040442084', 'Abigail', 'Griezel', 8),
(607, '1002245103085', 'Kevin', 'Fraser', 8),
(608, '1003011177089', 'Weane', 'Johnson', 8),
(609, '1003070355089', 'Ane', 'Potgieter', 8),
(610, '1003235359083', 'Rikus', 'de Jager', 8),
(611, '1006090762085', 'Katie', 'Doyer', 8),
(612, '1003240207087', 'Izebelle', 'Viljoen', 8),
(613, '1004055491089', 'Ruan', 'Voogt', 8),
(614, '1008041114085', 'Lezjaan', 'Beukes', 8),
(615, '1003035250086', 'Dian', 'du Preez', 8),
(616, '1001206009083', 'Joshua', 'Ziervogel', 8),
(617, '1007080215084', 'Jeani', 'van der Merwe', 8),
(618, '1002195125088', 'Bester', 'de Lange', 8),
(619, '1012085221087', 'Dylan', 'Seyffert', 8),
(620, '1012130884087', 'Danielle ', 'Vigoureux', 8),
(621, '1012265098081', 'Ruben', 'Kruger', 8),
(622, '1003195136083', 'Liam ', 'Clark', 8),
(623, '1011210219081', 'Olivia', 'Nel', 8),
(624, '1004070532081', 'Laurise', 'Geldenhuys', 8),
(625, '1012180206082', 'Rika', 'Opthof', 8),
(626, '1002250186082', 'Kiley', 'Kukard', 8),
(627, '1010315167088', 'Nathan', 'du Toit', 8),
(628, '1001051400080', 'Charlotte ', 'Baker', 8),
(629, '1010185158084', 'Arno', 'Koen', 8),
(630, '1003115606082', 'Juan ', 'Lubbe', 8),
(631, '1009280217084', 'Annabelle', 'van der Merwe', 8),
(632, '1011190163085', 'Amor', 'Janse van Rensburg', 8),
(633, '1012055145084', 'Christiaan', 'van der Merwe', 8),
(634, '0912255434082', 'Ian', 'Roesch', 8),
(635, '0803055245085', 'Duwan', 'Weideman', 10),
(636, '1005275274080', 'Stefan', 'Labuschagne', 8),
(637, '1007130276086', 'Emmari', 'Henning', 8),
(638, '1002250230088', 'Inge', 'van der Linde', 8),
(639, '0911021326085', 'Lika', 'Human', 9),
(640, '1002085637085', 'Andreas', 'Roos', 8),
(641, '1011030241083', 'Elsabe ', 'Strauss', 8),
(642, '1003175206088', 'Joshua', 'Dua', 8),
(643, '1003105344082', 'Morgan', 'Payne', 8),
(644, '1005090498088', 'Caylen', 'Theunissen', 8),
(645, '1007265448088', 'Riku', 'Grobbelaar', 8),
(646, '1006045598089', 'Richard', 'Boer', 8),
(647, '1009140738089', 'Shanika', 'Jacoby', 8),
(648, '1006285761082', 'Nicholas', 'van den Berg', 8),
(649, '1005271297085', 'Rosa', 'Brand', 8),
(650, '1003261523081', 'Elne', 'Coetzee', 8),
(651, '1007285304089', 'Kristian', 'van Gaalen', 8),
(652, '1001046374085', 'Johannes', 'Bennie', 8),
(653, '1001275784087', 'Arthur', 'Homewood', 8),
(654, '1008290605080', 'Amy-Jessica', 'le Roux', 8),
(655, '1009010327088', 'Anina', 'van Zyl', 8),
(656, '1003235272088', 'Willem', 'Kruger', 8),
(657, '1010290342086', 'Sudre', 'Pretorius', 8),
(658, '1007300576083', 'Amy-Rose', 'Fritz', 8),
(659, '1004215171084', 'Michael', 'du Buisson', 8),
(660, '1006115525087', 'Tiaan', 'Goosen', 8),
(661, '1009070666086', 'Zine', 'Myburgh', 8),
(662, '1011260208083', 'Emily', 'Lochner', 8),
(663, '1006025247087', 'Jaden', 'Bethell', 8),
(664, '1004290245084', 'Melinda', 'van Staden', 8),
(665, '1008310110087', 'Emma', 'Kahts', 8),
(666, '1009075151084', 'Anroux', 'Pretorius', 8),
(667, '1006105749085', 'Walt', 'Potgieter', 8),
(668, '0805165150089', 'Christian', 'Rademeyer', 8),
(669, '1008055123089', 'Neil', 'Robinson', 8),
(670, '1001280238087', 'Esme', 'Marais', 8),
(671, '1001280237089', 'Mari', 'Marais', 8),
(672, '1012275155087', 'Liam', 'Pretorius', 8),
(673, '1006030402081', 'Joane', 'Greyling', 8),
(674, '1004225268086', 'Felix', 'Husselmann', 8),
(675, '1012035190085', 'Matthew ', 'Malherbe', 8),
(676, '1001055743089', 'Divan', 'Ferreira', 8),
(677, '1007175160088', 'Christiaan ', 'van der Spuy', 8),
(678, '1001055634080', 'Pierre', 'Vos', 8),
(679, '1001115171081', 'PW', 'du Plessis', 8),
(680, '1008315324089', 'Dawid', 'Fourie', 8),
(681, '0911165854082', 'Rupert', 'Kaan', 8),
(682, '1002175377089', 'Marcel ', 'van Niekerk', 8),
(683, '1006080355080', 'Lanieke', 'Visser', 8),
(684, '1008195297082', 'Tiaan', 'Naude', 8),
(685, '1006150250088', 'Anja', 'Spangenberg', 8),
(686, '0911275522082', 'Rendo', 'Ferreira', 8),
(687, '1005180197087', 'Estelle', 'van der Plas', 8),
(688, '1006210338089', 'Sune', 'Durow', 8),
(689, '1004125808080', 'Jayden', 'Smith', 8),
(690, '1005040634089', 'Stella', 'Combrink', 8),
(691, '1003045533083', 'Jandre', 'Spangenberg', 8),
(692, '1004120658084', 'Mieke', 'Meyer', 8),
(693, '1007120201086', 'Lisa', 'Voogt', 8),
(694, '1001281108081', 'Juane', 'Hamel', 8),
(695, '1010135349080', 'Coen', 'Groenewald', 8),
(696, '1007020311084', 'Mathilda', 'van der Merwe', 8),
(697, '1003040620083', 'Hayley', 'van Rooyen', 8),
(698, '1002035252084', 'Arlo', 'Wessels', 8),
(699, '1010255134080', 'Zian ', 'Grobler', 8),
(700, '1004050569087', 'Yannika', 'Davel', 8),
(701, '1004055225081', 'Leander', 'Viljoen', 8),
(702, '1004080261085', 'Kate', 'Barber', 8),
(703, '1004215185084', 'Freedie', 'van Heerden', 8),
(704, '1002050598080', 'Zione', 'Fourie', 8),
(705, '1008100246083', 'Danne', 'Strydom', 8),
(706, '1009230577082', 'Jessica', 'Erasmus', 8),
(707, '1004290220087', 'Marne', 'Mynhardt', 8),
(708, '1002120665083', 'Anke', 'Oosthuizen', 8),
(709, '1004125207085', 'Jacques', 'Pienaar', 8),
(710, '1007205562089', 'Reynhardt', 'van Zyl', 8),
(711, '1004235157089', 'Matthew', 'Roberts', 8),
(712, '1010220279085', 'Dione', 'Beukman', 8),
(713, '0904090215081', 'Lisanne', 'Kriel', 9),
(714, '1005040311084', 'Lucill', 'Engelbrecht', 8),
(715, '1009080779085', 'Jennah', 'Jacobs', 8),
(716, '1003305163084', 'Jeanre', 'Coljee', 8),
(717, '1005220182081', 'Juane', 'Botes', 8),
(718, '1009060326089', 'Michane', 'Jordaan', 8),
(719, '1002155119089', 'Luke', 'Bath', 8),
(720, '1005095205082', 'Jayden', 'Lubbe', 8),
(721, '0901160245089', 'Sune', 'Landman', 9),
(722, '1006215501087', 'Matteo', 'Badenhorst', 8),
(723, '0712315212084', 'Aydan', 'Strydom', 11),
(724, '0909235817089', 'Amon', 'Fernandes', 8),
(725, 'GN462555', 'Joshua', 'Jowa', 8),
(726, '1008075440083', 'Jason', 'de Jager', 8),
(728, '1003045257089', 'Marko', 'Nell', 8),
(729, '1003050360083', 'Micaela', 'Riadi', 8),
(730, '0702080471080', 'Kyra', 'Cronje', 11),
(731, '1005265253086', 'Luke', 'Joyce', 8),
(732, '1012085185084', 'Dylan', 'Carr', 8),
(733, '1003255248083', 'Ben', 'Cilliers', 8),
(734, '0807020131080', 'Zione', 'Smith', 10),
(735, '1001280159085', 'Lana', 'Bouwer', 8),
(736, '1005130227083', 'Lente', 'van Krieken', 8),
(737, '0705285268086', 'Daniel ', 'Venter', 11),
(738, '1007140482088', 'Kaylee', 'Marx', 8),
(739, '1002115081080', 'Frederick', 'Zeelie', 8),
(740, '1007095131086', 'Ruvan', 'van Zyl', 8),
(741, '0709245118084', 'Evan ', 'Slabbert', 11),
(742, '1001195211088', 'Cian', 'Jonck', 8),
(743, '0905180257081', 'Ava', 'Bongartz', 9),
(744, '0909290671082', 'Zoe', 'du Plessis', 9),
(745, '1004060191088', 'Carli', 'Nolte', 8),
(746, '0703075294081', 'Rayden', 'Engelbrecht', 11),
(747, '0808110789084', 'Shenique', 'Vos', 10),
(748, '0705070269083', 'Kimberley', 'Hamel', 11),
(749, '1001255100080', 'Nate', 'Openshaw', 8),
(750, '1004290378083', 'Lunay', 'Mooi', 8),
(751, '1007255242087', 'Erntz', 'Kuhn', 8),
(752, '0910120256086', 'Lizaan', 'van den Heever', 8),
(753, '0704040251081', 'Megan', 'du Plessis', 11),
(754, '1007020901082', 'Nicole', 'Oosthuizen', 8),
(755, '0906105135089', 'Sebastian', 'Swanepoel', 9),
(756, '1006156142081', 'Alexander', 'Clatworthy', 8),
(757, '0801080495089', 'Rone', 'Joubert', 10),
(758, '0703305417080', 'Christiaan', 'le Roux', 11),
(759, '1003290705089', 'Mulan', 'Bezuidenhout', 8),
(760, '9106135251086', 'bryan ', 'Longbottom', 8),
(761, '0903300220089', 'Carla', 'Pieterse', 9),
(762, '0803250156087', 'karla', 'Swanepoel', 10),
(763, '0809131030086', 'Haley', 'Ferreira', 10),
(764, '0801120393088', 'Amber', 'Basson', 10),
(765, '0802140207084', 'Amy', 'van tonder', 10),
(766, '0705160106088', 'Caitlin', 'Green', 11),
(767, '1008195467081', 'Jaun-Paul', 'Davids', 8),
(768, '0901085441086', 'Xander', 'Davids', 9),
(769, '0804245104083', 'Dominique', 'Dippenaar', 10),
(770, '1001016789080', 'Peet', 'van Deventer', 8),
(771, '0809040348082', 'Adionna ', 'Tshabalala', 10),
(772, '1011050378088', 'Aila', 'Smith', 8),
(773, '0711010189084', 'Emma', 'Bornman', 11);

-- --------------------------------------------------------

--
-- Table structure for table `subjects`
--

CREATE TABLE `subjects` (
  `subject_id` int(11) NOT NULL,
  `subject_name` varchar(50) NOT NULL DEFAULT ''
) ENGINE=InnoDB DEFAULT CHARSET=latin1 COLLATE=latin1_swedish_ci;

--
-- Dumping data for table `subjects`
--

INSERT INTO `subjects` (`subject_id`, `subject_name`) VALUES
(1, 'FW'),
(2, 'Afrikaans Huistaal'),
(3, 'Eng'),
(4, 'LO'),
(5, 'Lees'),
(6, 'Wisk'),
(7, 'Spaans'),
(9, 'Frans'),
(10, 'VsW'),
(11, 'Geo'),
(12, 'Gesk'),
(13, 'Sport Wet'),
(14, 'BS'),
(15, 'Rek'),
(16, 'LW'),
(17, 'IT'),
(18, 'CAT'),
(19, 'IGO'),
(20, 'Drama'),
(22, 'Kuns'),
(23, 'Toerisme'),
(24, 'Eko'),
(25, 'Fisiek'),
(26, 'Duits'),
(27, 'Wiskundige Geletterdheid');

-- --------------------------------------------------------

--
-- Table structure for table `teachers`
--

CREATE TABLE `teachers` (
  `id` int(11) NOT NULL,
  `name` varchar(100) DEFAULT 'Unknown',
  `initials` varchar(10) DEFAULT 'Unknown',
  `location` varchar(100) DEFAULT 'Unknown',
  `img` varchar(100) DEFAULT '',
  `floorplan` varchar(100) DEFAULT ''
) ENGINE=InnoDB DEFAULT CHARSET=latin1 COLLATE=latin1_swedish_ci;

--
-- Dumping data for table `teachers`
--

INSERT INTO `teachers` (`id`, `name`, `initials`, `location`, `img`, `floorplan`) VALUES
(3, 'Adel Jackson', 'AD', 'Lab-klasse. Grondvloer. Verste klas van links.', '67c93ec59d9d6.jpg', 'G_L_2.pdf'),
(4, 'Melissa Weideman', 'MW', 'Verre Ooste, onderste Vloer', '67c841a135b34.jpg', 'T_VO_3.pdf'),
(6, 'Hennes de Wet', 'HdW', 'Swerfklas. Kantoor in hoofgebou – in die gang waarin die skoolhoof se kantoor is.', 'Personeel Hennes de Wet.jpg', 'Alua.pdf'),
(7, 'Arliene van Wyk', 'AvW', 'Onderste vloer van hoofgebou, naby matriektrappe, ', '67c93eea1b303.jpg', 'G_H_1.pdf'),
(8, 'Carel Freysen', 'CF', 'Towers.Boonste vloer – eerste klas.', '67c93f09b6c14.jpg', 'B_T_6.pdf'),
(9, 'Carmen Sanchez', 'CSa', 'Hoofgebou. Tweede vloer. Oorkant die regterkantste trappe wat lei na die saal.', '67c93f4e788fe.jpg', 'T_H_5.pdf'),
(10, 'Charl Nienaber', 'CN', 'Terasse. Middelste vloer – die klas op die hoek langs die lockers.', '67c93f88ad2be.jpg', 'T_TE_4.pdf'),
(11, 'Chris Botha', 'CB', 'Hoofgebou. Middelvloer. Lab aan die onderpunt van die gang – in die rigting van Di Hub.', '67c93fb654a10.jpg', 'G_H_7.pdf'),
(13, 'Cilna Coetzee', 'CC', 'Verre Ooste. Grondvloer – verste klas.', '67c93fd9890b6.jpg', 'T_VO_1.pdf'),
(14, 'Cois de Wit', 'CdW', 'Hoofgebou. Tweede vloer. Langs linkerkantste trappe wat lei na die saal.', '67c9400073312.jpg', 'T_H_11.pdf'),
(15, 'Colin Gainsford', 'CoG', 'Terasse. Boonste vloer – oorkant juf. Lenke Kruis se klas.', '67c9404416b1e.jpg', 'B_Te_4.pdf'),
(17, 'Dewald Peyper', 'DP', 'Terasse. Boonste vloer. Langs mnr. Colin Gainsford se klas.', '67c9406847550.jpg', 'B_Te_3.pdf'),
(18, 'Eghard Basson', 'EB', 'Towers. Tweede vloer. Reg bokant Aula.', '67c9410c9974d.jpg', 'G_TO_1.pdf'),
(19, 'Tjaart van der Walt', 'TvdW', 'Towers. Tweede vloer – in die middel van die gang.', '67c842ce0f01f.jpg', 'T_To_3.pdf'),
(20, 'Johnwin Cameron', 'JC', 'Hoofgebou. Grondvloer. Lab in die hoek aan die westekant.', '67c9414707694.jpg', 'G_H_7.pdf'),
(21, 'Gabrielle Visser', 'GV', 'Hoofgebou. Boonste vloer. Langs die regterkantste trappe wat lei na die saal – oor die metaalbrug.', '67c941814773d.jpg', 'B_H_10.pdf'),
(22, 'Hannriël Coetzee', 'HC', 'Hoofgebou. Wes. Tweedevloer – by die trappe. Oorkant juf. Liezel Bach se klas.', '67c941c4504b6.jpg', 'T_H_14.pdf'),
(23, 'Helene Vermaak', 'HV', 'Verre Weste. Onderste vloer – by kunsklasse.  Naby Gr. 8-seunsbadkamer.', '67c94204c1e9c.jpg', 'T_VW_2.pdf'),
(26, 'Lenke Kruis', 'LK', 'Terasse. Boonste vloer. Langs die Gr. 8 en 9-dogtersbadkamer.', '67c94233ac0c2.jpg', 'B_Te_5.pdf'),
(27, 'Wicus Jordaan', 'WJ', 'Hoofgebou. Wes. Boonste vloer - by die trappe. Oorkant mnr. Hannriël Coetzee se klas.', '687f980c8a37e.jpg', 'T_H_13.pdf'),
(28, 'Linda Peacock', 'LP', 'Hoofgebou. Boonste vloer. Oorkant die linkerkantste trappe wat lei na die saal. Langs juf. Lizet Kor', '67c942b5eae29.jpg', 'B_H_2.pdf'),
(29, 'Vinette Otto', 'VO', 'Towers. Boonstevloer. Derde klas in die gang.', '67c84e1feca35.jpg', 'B_T_4.pdf'),
(30, 'Louis Botha', 'LoB', 'Hoofgebou. Boonste vloer. In die heel regterkanste hoek.', '67c942e570803.jpg', 'B_H_1.pdf'),
(31, 'Louise Hattingh', 'LH', 'Verre Ooste. Boonste vloer. Laaste klas in die gang. ', '67c94359e15f7.jpg', 'B_VO_1.pdf'),
(32, 'Maria Christelis', 'MC', 'Towers. Middelste vloer. Tweede klas in die gang.', '67c9437f2b21c.jpg', 'T_To_4.pdf'),
(33, 'Maricien Maritz', 'MM', 'Towers. Boonste vloer. Aan die onderpunt van die gang – langs die trappe wat na die Aula lei.', '67c943b6e711c.jpg', 'B_T_1.pdf'),
(34, 'Mariette Keyser', 'MK', 'Verre Ooste. Tweede vloer. Middelste klas in die gang.', '67c9447502e28.jpg', 'T_VO_2.pdf'),
(35, 'Marina Harmse', 'MH', 'Hoofgebou. Middelvloer. Langs die linkerkantse trappe wat lei na die saal.', '67c94e72749c4.jpg', 'T_H_10.pdf'),
(36, 'Marinda Eddie', 'ME', 'Grondvloer. Reg onder die klerebank.', '67c94e9725828.jpg', 'G_TO_3.pdf'),
(37, 'Theresa Rossouw', 'TR', 'Labs. Middelvloer. Verste Wes-klas.', '67c84d5431ddd.jpg', 'T_L_2.pdf'),
(38, 'Marnus Grobler', 'MG', 'Verre Ooste. Boonste vloer. Eerste klas in die gang.', '67c94ebcd65d7.jpg', 'B_VO_3.pdf'),
(39, 'Anthony Snyman', 'AS', 'Hoofgebou. Tweede vloer. Langs mnr. Cois de Wit se klas.', '67c94eed1f53b.jpg', 'T_H_10.pdf'),
(40, 'Monique van Reenen', 'MvR', 'Towers. Boonste vloer. Tweede klas in die gang.', '67c952af662aa.jpg', 'B_T_5.pdf'),
(41, 'Morné Oosthuisen', 'MO', 'DI HUB. Onderste vloer. IT-klasse – tweede klas in die gang.', '67c952db65b54.jpg', 'G_HUB_2.pdf'),
(42, 'Wilco Roets', 'WR', 'Hoofgebou. Tweede vloer. E-sentrum – langs die regterkantste trappe wat lei na die saal.', '67c9530514a50.jpg', 'T_H_12.pdf'),
(43, 'Petro Erasmus', 'PE', 'Terasse. Onderste vloer. Langs die trappe wat opgaan na die busse.', '67c9532dd22de.jpg', 'T_TE_1.pdf'),
(44, 'Phillip Kemp', 'PK', 'Verre Weste. Boonste vloer. Aan die einde van die gang – naaste is aan die Gr.8-badkamers.', '67c9536123a93.jpg', 'B_VW_1.pdf'),
(45, 'Rozelle Visser', 'RV', 'Hoofgebou. Boonste vloer. Kantoor agter in juf. Annerine se klas.', '67c8454f66581.jpg', 'B_H_7.pdf'),
(46, 'Nadia van der Merwe', 'NvdM', 'Hoofgebou. Boonste vloer – oorkant die regterkantste trappe wat lei na die saal.', '67c953c409618.jpg', 'B_H_4.pdf'),
(47, 'Nicolene Pienaar', 'NP', 'Wes van die hoofgebou. Onderste vloer. Oorkant DI HUB se ingang. Langs mnr. Johnwin se klas.', '67c953fc1b19f.jpg', 'G_H_8.pdf'),
(48, 'Hiliza de Wet', 'HidW', 'Verre Weste. Onderste vloer. By die kunsklasse. Naby die gr.8-seunsbadkamer.', '67c84ac857a33.jpg', 'T_VW_3.pdf'),
(50, 'Marli Labuschagne', 'ML', 'Oos van hoofgebou. Middelvloer. Aan die bokant van die matriektrappe.', '67c843fe4ea57.jpg', 'T_H_9.pdf'),
(52, 'Tania van Deventer', 'TvD', 'Verre Weste. Onderste vloer – naby regterkantste trappe.', '67c954338fa1e.jpg', 'T_VW_7.pdf'),
(53, 'Trudy Vermeulen', 'TV', 'Verre Weste. Tweede vloer. In die middel van die gang.', '67c954662225c.jpg', 'B_VW_4.pdf'),
(54, 'Willie van der Berg', 'WvB', 'Verre Weste. Grondvloer. In die middel van die gang.', '67c954a1e16a3.jpg', 'T_VW_4.pdf'),
(55, 'Rudolf Korb', 'RK', 'Towers. Middelvloer. Eerste klas in die gang – oorkant die Gr. 11-seunsbadkamer.', '67c954d95d547.jpg', 'T_To_5.pdf'),
(56, 'Tanja Saestad', 'TS', 'Verre Ooste. Boonste vloer – in die middel van die gang.', '67c9555503a62.jpg', 'B_VO_2.pdf'),
(57, 'Adri Els', 'AE', 'Towers. Tweede vloer. Middel van die gang.', '67c955ee10580.jpg', 'T_To_2.pdf'),
(58, 'Natalie Grové', 'NG', 'Hoofgebou. Boonste vloer. In die hoek van linkerkantste trappe.', '67c84a33bb903.jpg', 'B_H_6.pdf'),
(59, 'Hanneli Vivier', 'HVi', 'Verre Weste. Boonste verdieping. By regterkanste trappe.', '67c956131e0bc.jpg', 'B_VW_6.pdf'),
(60, 'Dietlov Coetzee', 'DC', 'Kantoor is oorkant juf. Lori-Jo se klas. Gee klas in mnr. Morné Oosthuizen se klas.', '67c95a1b0d6e6.jpg', 'G_HUB_3.pdf'),
(61, 'Stoffel Coetzee', 'SC', 'Hoofgebou. Middelste vloer.', '67c95aec752af.jpg', 'T_H_2.pdf'),
(62, 'Monique Theart', 'MT', 'Wes van hoofgebou. In gang op pad na Verre Weste.', '67c95bae2ed2b.jpg', 'T_H_15.pdf'),
(63, 'Marius Bakkes', 'BAK', 'Verre Weste. Tweede vloer. In die middel van die gang.', 'Personeel Marius Bakkes.jpg', 'B_VW_4.pdf'),
(64, 'Sean Baber', 'SB', 'Di HUB. Onderste vloer. IT-klasse. ', '67c95bee9e3b2.jpg', 'G_HUB_1.pdf'),
(65, 'Jana Theron', 'JT', 'Kantoor is langs die Aula.', '67c84f48a2a1d.jpg', 'G_TO_1.pdf'),
(66, 'Linathi Jacob', 'LiJ', 'Hoofgebou. Tweede vloer. In die middel van die gang.', '67c95c3b8fa5b.jpg', 'B_Te_3.pdf'),
(67, 'Maryke van der Westhuizen', 'MvdW', 'Verre Weste. Middelste vloer. Aan die einde van die gang – verste van die Gr. 8-badkamers.', '67c95c5f99d70.jpg', 'T_VW_9.pdf'),
(68, 'Lambré Krause', 'LaK', 'Boonste vloer van Terasse – heel op die punt van die gang.', '67c95c99d3f45.jpg', 'B_Te_1.pdf'),
(69, 'Eugene Marais', 'EM', 'Swerfklas. Vir afsprake is hy in sy kantoor - oorkant mnr. Wayne Fourie (logistiek).', '67c95cb58d3a0.jpg', 'T_H_16.pdf'),
(70, 'Elizabeth Venter', 'EV', 'Terasse. Middelste vloer. Middelste klas in die gang.', '67c84a7ca6599.jpg', 'T_TE_2.pdf'),
(72, 'Danelle Weideman', 'DW', 'Verre Weste. Boonste vloer – oorkant die regterkantste trappe', '67c95cec3d2b5.jpg', 'B_VW_8.pdf'),
(73, 'Daniella Zwecker-Pienaar', 'DZP', 'Terasse. Tweede vloer. In die hoek aan onderpunt van gang. ', '67c95d344bca4.jpg', 'T_TE_5.pdf'),
(74, 'Morné Basson', 'MoB', 'Di HUB. Middelste vloer. Kinderleidingdepartement.', '67c8507e7578c.jpg', 'Kinderleiding.pdf'),
(75, 'Lize Bouwer', 'LiB', 'Di HUB. Middelste vloer. Kinderleidingdepartement.', '67c95d7567172.jpg', 'Kinderleiding.pdf'),
(76, 'Lanette Hattingh', 'LaH', 'Di HUB. Middelste vloer. Kinderleidingdepartement.', '67c95da2a6764.jpg', 'Kinderleiding.pdf'),
(77, 'Lynette Viljoen', 'LV', 'Di HUB. Middelste vloer. Kinderleidingdepartement.', '67c95e014857a.jpg', 'Kinderleiding.pdf'),
(78, 'Hennie Beyer', 'HB', 'Terasse. Middelste vloer. Langs die Gr.9 10-seunsbadakmer (kantoor).', 'Personeel Hennie Beyer.jpg', ''),
(79, 'Wayne Fourie', 'WF', 'Logistieke Bestuurder.Kantoor is in die hoofgebou. Onderste vloer. Oorkant mnr. Eugene Marais se kan', '67c95e787b9c7.jpg', ''),
(80, 'Bryan Longbottom', 'BL', 'Swerf tans. Kantoor is by Die Hoek.', '67c95e91abd6e.jpg', 'Om die Hoek.pdf'),
(81, 'Bethwell Mahlangu', 'BM', '(Swerf)', 'Personeel Bethwell Mahlangu.jpg', ''),
(83, 'Chris van Niekerk', 'CvN', 'Koshuis. Kantoor is in die koshuiskombuis.', '67c95eddc16cb.jpg', ''),
(86, 'Peter McLea', 'PMcL', 'Geen (slegs deeltyds)', '67c95f05cd033.jpg', ''),
(89, 'René Schoeman', 'ReS', 'Hoofgebou. Boonste vloer. Langs juf. Cindy Palm se klas.', '67c95f485fec5.jpg', ''),
(90, 'Linda van Niekerk', 'LvN', 'Swerfklas. Afsprake in haar kantoor: Hoofgebou – grondvloer. In die gang wat na die hoof se kantoo', '67c95f85dffae.jpg', 'Juf Linda van Nieker.pdf'),
(91, 'JJ Pienaar', 'JJ', 'Hoofgebou. Tweede vloer. Oorkant die kunsklasse.', '67c84825935ff.jpg', 'T_H_16.pdf'),
(93, 'Christa Viljoen', 'CV', 'Hoofgebou. Grondvloer. Langs die skoolhoof se kantoor.', 'Personeel Christa Viljoen.jpg', ''),
(94, 'Petro Steenkamp', 'PS', 'Hoofgebou. Grondvloer. Finansiële kantoor – langs die personeelkamer.', 'Personeel Petro Steenekamp.jpg', ''),
(95, 'Lunette Steenekamp', 'LuS', 'Di HUB. Middelste vloer.', '67c96049765e1.jpg', 'Kinderleiding.pdf'),
(96, 'Dominique Breedt', 'DB', 'Hoofgebou. Grondvloer. Finansiële kantoor – langs die personeelkamer.', '67c9600f9bf55.jpg', ''),
(98, 'Phumla Tunzi', 'PT', 'Towers. Grondvloer. (Klerebank)', '67c96070867ab.jpg', ''),
(100, 'MJ Scholtz', 'MJ', 'Verre weste. Boonste vloer. Tweede klas van die regterkant af.', '67c9608ee5713.jpg', 'B_VW_7.pdf'),
(101, 'Reynard Goosen', 'RG', 'Verre Weste. Middelste vloer. Aan die punt van die gang – oorkant Di HUB.', '67c960cd82aa8.jpg', 'T_VW_8.pdf'),
(102, 'Klaus König', 'KsK', 'Di Hub. Middelste vloer. Kinderleiding-gang.', '67c9567ee6e3b.jpg', 'Kinderleiding.pdf'),
(103, 'Petra Langa', 'PL', 'Hoofgebou. Tweede vloer – oorkant die bruggie.', '67c9614b9379a.jpg', 'T_H_7.pdf'),
(105, 'Werner Smit', 'WS', 'Hoofgebou. Tweede vloer – regs van E-sentrum. Oor die bruggie.', '67c9617f4feef.jpg', 'T_H_13.pdf'),
(106, 'Karen Stapelberg', 'KS', 'Hoofgebou. Grondvloer. Langs die finansiële kantoor.', '67c961fd77853.jpg', 'T_H_4.pdf'),
(109, 'Tracey-Lee Erasmus', 'TLE', 'Di Hub. Onderste vloer. IT-klasse.', '67c96248ab854.jpg', 'G_HUB_3.pdf'),
(110, 'Mariaan Bosman', 'BOS', 'Di HUB. Onderste vloer. Op die verste punt.', '67c9628210128.jpg', 'G_HUB_4.pdf'),
(112, 'Cindy Palm', 'CP', 'Hoofgebou. Boonste vloer – langs juf. Gabrielle Visser se klas.', '67c962cea9450.jpg', 'B_H_9.pdf'),
(114, 'Thomas Molony', 'TM', 'Hoofgebou. Onderste vloer – langs matriektrappe.', '67c9630478843.jpg', 'G_H_2.pdf'),
(115, 'Juhanie Wilken', 'JW', 'Verre Weste (oorkant DI Hub)', '67c963248380d.jpg', 'T_TE_3.pdf'),
(116, 'Jolene Richards', 'JR', 'Verre weste. Onderste vloer. In die hoek – naaste aan seunsbadkamer.', '67c9633d4846c.jpg', 'T_VW_9.pdf'),
(118, 'Christiaan Gouws', 'CrG', 'Swerf. Oueraand-afsprake in die onderwysersentrum (reguit aan deur hoofingang van hoofgebou).', '67c96365c0ce5.jpg', ''),
(129, 'Le-Lanie Visser', 'LLV', 'Terasse. Boonste vloer. In die middel van die gang.', '67c9638381d59.jpg', 'B_Te_3.pdf'),
(131, 'Christelle Ernst', 'CE', 'Hoofgebou. Grondvloer. Oorkant die damespersoneelbadkamer.', '67c963c735abb.jpg', 'G_H_6.pdf'),
(133, 'Lori-Jo Bateman-Letsoalo', 'LJB', 'Hoofgebou. Middelste vloer. Reg langs die matriektrappe.', '65a137af2ca73.jpg', 'T_H_8.pdf'),
(149, 'Carlen Gouws', 'CaG', 'Towers. Boonste vloer – aan die onderpunt van die gang.', '65a138b430615.jpg', 'B_T_2.pdf'),
(150, 'Jenni Stabic', 'JS', 'Verre Weste. Onderste vloer – oorkant Di HUB.', '67c93e56dfd8f.jpg', 'T_VW_6.pdf'),
(151, 'Marius van Rooyen', 'MaR', 'Verre Weste. Tweede vloer. Linkerkantste trappe.', '67c975639aef2.jpg', 'B_VW_2.pdf'),
(152, 'Cherni Raoudha ', 'CR', 'Hoofgebou. Middelvloer.', '67c975909b2f9.jpg', ''),
(154, 'René Basson', 'RB', 'Lab-klasse. Grondvloer – aan die onderpunt van gang.', '67c975c66635b.jpg', 'G_L_1.pdf'),
(155, 'Annerine Snyman', 'Ann', 'Hoofgebou. Boonste vloer.', '67c84522208ab.jpg', 'B_H_7.pdf'),
(156, 'Wilmarié Brand', 'WB', 'Hoofgebou. Boonste vloer.', '67c84607abbdc.jpg', 'B_H_3.pdf'),
(157, 'Chloé Barkhuizen', 'ChB', 'Hoofgebou. Middelste vloer.', '67c8497feb303.jpg', 'B_Te_3.pdf'),
(158, 'Lizet Korb', 'LiK', 'Hoofgebou. Boonste vloer.', '67c849ebccb55.jpg', 'B_H_2.pdf'),
(159, 'Nicolene Nel', 'NN', 'Hoofgebou. Middelste vloer. Net bo die matriektrappe.', '67c84cbbbd7df.jpg', 'T_H_1.pdf'),
(160, 'Jean Steenkamp', 'JGS', 'Terasse. Onderste vloer.', '67c84cfdc51da.jpg', ''),
(161, 'Louna Zwecker', 'LZ', 'Tussen juf. Jana Theron se kantoor en die Aula.', '68808ba18d360.jpg', 'G_TO_2.pdf'),
(162, 'Shaun Jackson', 'SJ', 'Kantoor is in die hoofgebou. Middelste vloer. Langs die e-sentrum.', '67c84fa1899de.jpg', ''),
(163, 'Sharon Coetzee', 'ShC', 'Towers. Boonste vloer. Aan die onderpunt van die gang. Net voor juf. Carlen Gouws se klas.', '67c851246ccb5.jpg', 'B_T_2.pdf'),
(169, 'Samantha Sepeng', 'SS', 'Hoofgebou. Tweede vloer – regs van E-sentrum. Oor die bruggie. In mnr. Werner Smit se klas.', '687f9b1cc8442.jpg', 'T_H_13.pdf'),
(170, 'Henco Doman', 'HD', 'Hoofgebou - oorkant voordeur in Die Grot.', '68809688e1680.jpg', '');

-- --------------------------------------------------------

--
-- Table structure for table `teacher_subjects`
--

CREATE TABLE `teacher_subjects` (
  `subject_id` int(11) NOT NULL,
  `teacher_id` int(11) NOT NULL,
  `subjects` varchar(20) DEFAULT NULL
) ENGINE=InnoDB DEFAULT CHARSET=latin1 COLLATE=latin1_swedish_ci;

--
-- Dumping data for table `teacher_subjects`
--

INSERT INTO `teacher_subjects` (`subject_id`, `teacher_id`, `subjects`) VALUES
(1, 3, 'FW'),
(1, 11, 'FW'),
(1, 20, 'FW'),
(1, 37, 'FW'),
(1, 47, 'FW'),
(1, 51, 'FW'),
(1, 117, 'FW'),
(1, 131, 'FW'),
(1, 154, 'FW'),
(1, 160, 'FW'),
(2, 7, 'Afr'),
(2, 28, 'Afr'),
(2, 30, 'Afr'),
(2, 34, 'Afr'),
(2, 36, 'Afr'),
(2, 45, 'Afr'),
(2, 46, 'Afr'),
(2, 62, 'Afr'),
(2, 107, 'Afr'),
(2, 116, 'Afr'),
(2, 129, 'Afr'),
(2, 146, 'Afr'),
(2, 148, 'Afr'),
(2, 155, 'Afr'),
(2, 156, 'Afr'),
(2, 157, 'Afr'),
(2, 158, 'Afr'),
(3, 5, 'Eng'),
(3, 50, 'Eng'),
(3, 52, 'Eng'),
(3, 59, 'Eng'),
(3, 65, 'Eng'),
(3, 68, 'Eng'),
(3, 72, 'Eng'),
(3, 73, 'Eng'),
(3, 100, 'Eng'),
(3, 108, 'Eng'),
(3, 112, 'Eng'),
(3, 113, 'Eng'),
(3, 114, 'Eng'),
(3, 133, 'Eng'),
(3, 150, 'Eng'),
(3, 161, 'Eng'),
(3, 169, 'Eng'),
(4, 6, 'LO'),
(4, 19, 'LO'),
(4, 23, 'LO'),
(4, 45, 'LO'),
(4, 51, 'LO'),
(4, 60, 'LO'),
(4, 66, 'LO'),
(4, 74, 'LO'),
(4, 77, 'LO'),
(4, 82, 'LO'),
(4, 149, 'LO'),
(4, 170, 'LO'),
(5, 3, 'Lees'),
(5, 24, 'Lees'),
(5, 42, 'Lees'),
(5, 82, 'Lees'),
(6, 8, 'Wisk'),
(6, 10, 'Wisk'),
(6, 13, 'Wisk'),
(6, 15, 'Wisk'),
(6, 20, 'Wisk'),
(6, 29, 'Wisk'),
(6, 33, 'Wisk'),
(6, 40, 'Wisk'),
(6, 42, 'Wisk'),
(6, 43, 'Wisk'),
(6, 70, 'Wisk'),
(6, 101, 'Wisk'),
(6, 104, 'Wisk'),
(6, 115, 'Wisk'),
(6, 117, 'Wisk'),
(6, 153, 'Wisk'),
(6, 159, 'Wisk'),
(6, 160, 'Wisk'),
(7, 9, 'Spaans'),
(7, 105, 'Spaans'),
(8, 9, 'Spaans'),
(9, 12, 'Frans'),
(9, 105, 'Frans'),
(9, 152, 'Frans'),
(10, 13, 'VsW'),
(10, 15, 'VsW'),
(10, 33, 'VsW'),
(11, 39, 'Geo'),
(11, 44, 'Geo'),
(11, 53, 'Geo'),
(11, 97, 'Geo'),
(12, 14, 'Gesk'),
(12, 21, 'Gesk'),
(12, 39, 'Gesk'),
(13, 16, 'Sport Wet'),
(13, 101, 'Sport Wet'),
(13, 162, 'Sport Wet'),
(14, 19, 'BS'),
(14, 38, 'BS'),
(14, 55, 'BS'),
(14, 61, 'BS'),
(14, 67, 'BS'),
(14, 118, 'BS'),
(14, 163, 'BS'),
(14, 170, 'BS'),
(15, 4, 'Rek'),
(15, 31, 'Rek'),
(15, 32, 'Rek'),
(15, 38, 'Rek'),
(15, 56, 'Rek'),
(15, 57, 'Rek'),
(15, 61, 'Rek'),
(16, 16, 'LW'),
(16, 24, 'LW'),
(16, 26, 'LW'),
(16, 35, 'LW'),
(16, 44, 'LW'),
(16, 58, 'LW'),
(16, 91, 'LW'),
(16, 101, 'LW'),
(16, 109, 'LW'),
(16, 149, 'LW'),
(17, 42, 'IT'),
(17, 64, 'IT'),
(17, 110, 'IT'),
(18, 41, 'CAT'),
(18, 60, 'CAT'),
(18, 66, 'CAT'),
(18, 109, 'CAT'),
(18, 153, 'CAT'),
(18, 159, 'CAT'),
(19, 22, 'IGO'),
(19, 44, 'IGO'),
(19, 54, 'IGO'),
(19, 63, 'IGO'),
(19, 151, 'IGO'),
(20, 18, 'Drama'),
(22, 23, 'Kuns'),
(22, 48, 'Kuns'),
(23, 19, 'Toerisme'),
(23, 38, 'Toerisme'),
(23, 73, 'Toerisme'),
(23, 91, 'Toerisme'),
(23, 118, 'Toerisme'),
(24, 67, 'Eko'),
(24, 69, 'Eko'),
(25, 80, 'Fisiek'),
(26, 103, 'Duits'),
(26, 105, 'Duits'),
(27, 17, 'Wiskundige Geletterd'),
(27, 27, 'Wiskundige Geletterd'),
(27, 42, 'Wiskundige Geletterd'),
(27, 91, 'Wiskundige Geletterd'),
(27, 106, 'Wiskundige Geletterd');

--
-- Indexes for dumped tables
--

--
-- Indexes for table `adress`
--
ALTER TABLE `adress`
  ADD PRIMARY KEY (`aid`);

--
-- Indexes for table `catagoery`
--
ALTER TABLE `catagoery`
  ADD PRIMARY KEY (`cid`);

--
-- Indexes for table `claims`
--
ALTER TABLE `claims`
  ADD PRIMARY KEY (`id`);

--
-- Indexes for table `counter`
--
ALTER TABLE `counter`
  ADD PRIMARY KEY (`id`);

--
-- Indexes for table `fimages`
--
ALTER TABLE `fimages`
  ADD PRIMARY KEY (`id`);

--
-- Indexes for table `fthings`
--
ALTER TABLE `fthings`
  ADD PRIMARY KEY (`id`);

--
-- Indexes for table `fthings_2`
--
ALTER TABLE `fthings_2`
  ADD PRIMARY KEY (`id`),
  ADD KEY `adressid` (`adressid`),
  ADD KEY `imgid` (`imgid`),
  ADD KEY `cat_ref` (`cat_ref`),
  ADD KEY `uemail` (`uemail`);

--
-- Indexes for table `grade_open`
--
ALTER TABLE `grade_open`
  ADD PRIMARY KEY (`grade`);

--
-- Indexes for table `images`
--
ALTER TABLE `images`
  ADD PRIMARY KEY (`id`);

--
-- Indexes for table `limages`
--
ALTER TABLE `limages`
  ADD PRIMARY KEY (`id`);

--
-- Indexes for table `lockers`
--
ALTER TABLE `lockers`
  ADD PRIMARY KEY (`locker_id`);

--
-- Indexes for table `lthings`
--
ALTER TABLE `lthings`
  ADD PRIMARY KEY (`id`),
  ADD KEY `cat_ref` (`cat_ref`),
  ADD KEY `adressid` (`adressid`),
  ADD KEY `uemail` (`uemail`),
  ADD KEY `imgid` (`imgid`);

--
-- Indexes for table `members`
--
ALTER TABLE `members`
  ADD PRIMARY KEY (`member_id`);

--
-- Indexes for table `pickuptime`
--
ALTER TABLE `pickuptime`
  ADD PRIMARY KEY (`time_id`);

--
-- Indexes for table `students`
--
ALTER TABLE `students`
  ADD PRIMARY KEY (`student_id`);

--
-- Indexes for table `subjects`
--
ALTER TABLE `subjects`
  ADD PRIMARY KEY (`subject_id`);

--
-- Indexes for table `teachers`
--
ALTER TABLE `teachers`
  ADD PRIMARY KEY (`id`);

--
-- Indexes for table `teacher_subjects`
--
ALTER TABLE `teacher_subjects`
  ADD PRIMARY KEY (`subject_id`,`teacher_id`);

--
-- AUTO_INCREMENT for dumped tables
--

--
-- AUTO_INCREMENT for table `adress`
--
ALTER TABLE `adress`
  MODIFY `aid` int(3) NOT NULL AUTO_INCREMENT, AUTO_INCREMENT=166;

--
-- AUTO_INCREMENT for table `catagoery`
--
ALTER TABLE `catagoery`
  MODIFY `cid` int(3) NOT NULL AUTO_INCREMENT, AUTO_INCREMENT=16;

--
-- AUTO_INCREMENT for table `claims`
--
ALTER TABLE `claims`
  MODIFY `id` int(11) NOT NULL AUTO_INCREMENT, AUTO_INCREMENT=7;

--
-- AUTO_INCREMENT for table `counter`
--
ALTER TABLE `counter`
  MODIFY `id` int(11) NOT NULL AUTO_INCREMENT, AUTO_INCREMENT=2;

--
-- AUTO_INCREMENT for table `fimages`
--
ALTER TABLE `fimages`
  MODIFY `id` int(5) NOT NULL AUTO_INCREMENT, AUTO_INCREMENT=27;

--
-- AUTO_INCREMENT for table `fthings`
--
ALTER TABLE `fthings`
  MODIFY `id` int(11) NOT NULL AUTO_INCREMENT, AUTO_INCREMENT=4;

--
-- AUTO_INCREMENT for table `fthings_2`
--
ALTER TABLE `fthings_2`
  MODIFY `id` int(5) NOT NULL AUTO_INCREMENT, AUTO_INCREMENT=128;

--
-- AUTO_INCREMENT for table `images`
--
ALTER TABLE `images`
  MODIFY `id` int(11) NOT NULL AUTO_INCREMENT;

--
-- AUTO_INCREMENT for table `limages`
--
ALTER TABLE `limages`
  MODIFY `id` int(5) NOT NULL AUTO_INCREMENT;

--
-- AUTO_INCREMENT for table `lockers`
--
ALTER TABLE `lockers`
  MODIFY `locker_id` int(11) NOT NULL AUTO_INCREMENT, AUTO_INCREMENT=523;

--
-- AUTO_INCREMENT for table `lthings`
--
ALTER TABLE `lthings`
  MODIFY `id` int(5) NOT NULL AUTO_INCREMENT;

--
-- AUTO_INCREMENT for table `members`
--
ALTER TABLE `members`
  MODIFY `member_id` int(11) NOT NULL AUTO_INCREMENT, AUTO_INCREMENT=5;

--
-- AUTO_INCREMENT for table `pickuptime`
--
ALTER TABLE `pickuptime`
  MODIFY `time_id` int(11) NOT NULL AUTO_INCREMENT, AUTO_INCREMENT=5;

--
-- AUTO_INCREMENT for table `students`
--
ALTER TABLE `students`
  MODIFY `student_id` int(11) NOT NULL AUTO_INCREMENT, AUTO_INCREMENT=774;

--
-- AUTO_INCREMENT for table `subjects`
--
ALTER TABLE `subjects`
  MODIFY `subject_id` int(11) NOT NULL AUTO_INCREMENT, AUTO_INCREMENT=28;

--
-- AUTO_INCREMENT for table `teachers`
--
ALTER TABLE `teachers`
  MODIFY `id` int(11) NOT NULL AUTO_INCREMENT, AUTO_INCREMENT=171;
COMMIT;

/*!40101 SET CHARACTER_SET_CLIENT=@OLD_CHARACTER_SET_CLIENT */;
/*!40101 SET CHARACTER_SET_RESULTS=@OLD_CHARACTER_SET_RESULTS */;
/*!40101 SET COLLATION_CONNECTION=@OLD_COLLATION_CONNECTION */;
